relative_path,category,size_bytes,sha256
Flow3D.md,reproduction_metadata,16029,4c5314e483635e1b86d09683932718c788cb03c451df923e187834965679c39b
Flow3D设置.txt,reproduction_metadata,1171,ecc668658afa9ee116927464fcbabbd4ad18b2b244b2246b6acf67cb8ac2f61f
raw data/0.7s_200W.csv,raw_input,183017,12f87ae6c21022bbe7876291174bd55a3ada7741cab7abc5ac0d2fac9506b43d
raw data/0.7s_250W.csv,raw_input,204330,f7f575de6d0766731596bd09f423f91341609a371c70f6d2ef80e99ff381fe59
raw data/0.7s_300W.csv,raw_input,198087,f2fc1f0028adbad2ada006d71fd2a6f884ab34df0355f83b4b534e300677270a
raw data/0.7s_350W.csv,raw_input,181244,d1fe17e3f1ce0fd69be46306472ccbc67b17fa4c7567518904aee434e1fbfb7a
raw data/0.7s_400W.csv,raw_input,168289,03de010c22152bace9d0707df714fcd3d64900f0dc19e9e20e8bc54f7b1c2c54
raw data/0.7s_450W.csv,raw_input,190521,172e4d83582a268fa6563e28f43ce9db4527b883b33a38ce204a30a8b6d94682
raw data/temporal_validation/0.55s_200W.csv,raw_input,180217,3f59b114f6cdfba344fe8441cf91f6b01bd0c369d4dec1cbed42b3fa0f009d83
raw data/temporal_validation/0.55s_250W.csv,raw_input,173773,98f2b9d89642730ae92d0b30205416323abbacc05bcb98f88b2204bb4bb86de2
raw data/temporal_validation/0.55s_300W.csv,raw_input,187431,893df1e1cfb0c4f0ba6619b33ba7e29b75b5052f25fec2fc3854020699eba6d5
raw data/temporal_validation/0.55s_350W.csv,raw_input,183577,5a133dddb4298b145bbd4a92006d884734c64f3fe87e270aed9a00ba183c13fa
raw data/temporal_validation/0.55s_400W.csv,raw_input,175100,19ade1f555ae3063734f04fae0560006a8c52bfdd9572c44f84293f037a61d67
raw data/temporal_validation/0.55s_450W.csv,raw_input,194448,fa422d6f7a192b30332260273b29060d622437dc6968d513d5fd601bc4ca9280
raw data/temporal_validation/0.5s_200W.csv,raw_input,151213,5b733b26096cf1f699527b534fc3641d65b4a0bd0d71652d73246defbc54c7e5
raw data/temporal_validation/0.5s_250W.csv,raw_input,166124,a5ac7a387f261fd8f10124266b4674f0746afc3b703b171ce5c941bf2a94c1cc
raw data/temporal_validation/0.5s_300W.csv,raw_input,180833,ee7fffeb64958f991851a38e3d91a0a6f7efa5fd7dd40517d6061aab2101b922
raw data/temporal_validation/0.5s_350W.csv,raw_input,193158,86e102170694d8a7b20b16b664c82baf46d460cc53d69959fe4c2c1483d201a9
raw data/temporal_validation/0.5s_400W.csv,raw_input,149187,abfb6c58e3f09b44d73c56d959b6245b853f617c0f39c31403a41ccf1d1819e3
raw data/temporal_validation/0.5s_450W.csv,raw_input,186315,5b6a9c0c43c3cc82f02e2f5be2253ff746aa1da1318d287ee736bf87f57a86fc
raw data/temporal_validation/0.65s_200W.csv,raw_input,213181,3ffab0c382ce88344280bd7831160125aeb9f8f07596030cae83b835970f1a59
raw data/temporal_validation/0.65s_250W.csv,raw_input,178756,c41a64d657cd331cff38785633c11eeaedb1662005564b164e32ce9ea7b9cd3a
raw data/temporal_validation/0.65s_300W.csv,raw_input,190208,8ea9da5d3e02cf988b66b8eb5d87625e28639981ba32e98caebcbaab735823d1
raw data/temporal_validation/0.65s_350W.csv,raw_input,178870,327936448f53ed360a7ac2502672a3397ab2a5fb5667f7fa13ccb4df5b8e87c0
raw data/temporal_validation/0.65s_400W.csv,raw_input,165207,15e8a0dba209f8a61da6df958bf22659393573f71bc04718c9e6252900f43b94
raw data/temporal_validation/0.65s_450W.csv,raw_input,181626,23a02e41f5e6fcdb640b269afed621e45e9e62dedeb649afbb396ca91b482fa6
raw data/temporal_validation/0.6s_200W.csv,raw_input,185085,75f0a5943340122e4c6271ca53186a15c7c15841e4bb4136f18aae5484d1f460
raw data/temporal_validation/0.6s_250W.csv,raw_input,214637,0dd1367ca8269206abb39a044c86df2697b14d87a85b98ad439f4540cbc12acd
raw data/temporal_validation/0.6s_300W.csv,raw_input,194715,b053ba5c23fb67590e157366f18502dbe538990b619a85c84c03bb3360b57338
raw data/temporal_validation/0.6s_350W.csv,raw_input,181157,f545ea4b051b9ac789d124238709cf2d5773cef91cf7923c27b427087a6d44ec
raw data/temporal_validation/0.6s_400W.csv,raw_input,164680,da9d04f4febd0a1abb2994dbdb4b9e0f0e961374f24e8751c00eda2ec29f070c
raw data/temporal_validation/0.6s_450W.csv,raw_input,191308,e4b84a721ab89a975ce0c980a9dad648a664393be9961bc69408cbce37243d94
reference_data/Aplus_Qthreshold_sensitivity_350vs400.csv,reference_input,75983,35e4163e0a1494983ce1d57a5f38111e534a4d527e84eba0b0439ab5b373fcc1
reference_data/Aplus_extreme_localization_350_400.csv,reference_input,1767,1cfac8853109b123bcac47acd54abe9e52ac33ff3d2814aa5156bcc6707a900c
reference_data/Aplus_main_metrics_k25.csv,reference_input,5020,f0b2bb21167799be43d9d2666b6ded2b5ffb52814c4b9f578cb015508721ea30
reference_data/Qpoints_350W_k25.csv,reference_input,74664,3f727004191136e8086fad37e335fb14e6fabd02326729cd4f8ea1f9a9163891
reference_data/Qpoints_400W_k25.csv,reference_input,69775,45125b82f12ab7b0ae2e7f62a0707f34b1d89a62396ac21ac021e1db2e77fdea
reference_data/knn_core_contrasts.csv,reference_input,76009,40d0bedfb089890a620491ed1d3cdb2bbd2a9c2f94e5ed351caaf559c0652c79
reference_data/prior_model_validation_record.json,reference_input,1934,9440835c620beb5bb30f20e30828e643648d64bf9de221e5c899a2647df4cb80
requirements.txt,reproduction_metadata,72,b0e5cee154263f431c21a8b781e8984df28a1735c3a27ee968e0bde1a4140370
running.md,reproduction_metadata,43630,a7e2271f195028bb547e84d1222c9d6514cc1e664f3159f073fa1bdb6970c02f
scripts/__init__.py,code,65,eb81ee9217b21cd33e277464bf5c9a63aa134228d51ebe4ef9cbd69cbb5e2c0c
scripts/analysis/__init__.py,code,323,0f7938fcd196949eae41b5eabcfeef4690c0fd7af23645f8a4aabebef5d352c7
scripts/analysis/point_cloud.py,code,1809,e58519fd555cfc126398f14cee41f1353cf601eb0df06131547bcdde353172e3
scripts/analysis/regions.py,code,1319,41bb7828af8d8bec5cef06ae1a33a09b113e77aa8b220fc09abfbf42baa3f0bc
scripts/analysis/release_paths.py,code,436,65d9082c8ed858124436fdeb6542204b70dc254a3f146cf71d0abec1e5eb5f86
scripts/analysis/tensor_metrics.py,code,2980,d2bb6e53bf54368cdb0615dc5b251c5437d7ba95bf02eee75fcdb11cca312d0b
scripts/analysis/wls_q.py,code,5405,3906aab8a51fe148a44b51128f90ae5ba643f6da5fc2460ca004d42b80e370d7
scripts/claim_classification/__init__.py,code,75,5692dde6fa2bbcb924447c1a4115ab97783e635775e30e8c613b4ef2d49538ef
scripts/claim_classification/classifier.py,code,22223,30403e787e5746b6da8b71fd061b0ca70c52f8583aeb5911bbe745ce28882970
scripts/claim_classification/config.py,code,6998,55871826b89f6b4d80931081afb13f0ed045cbb75471e1bb794970b1a0263bbc
scripts/claim_classification/gates.py,code,22196,a8192338e1aa733383ec8d05d27145687cd7cfe6980dad4517088a1b8b971c71
scripts/claim_classification/inputs.py,code,2853,4f926f66e3a68fd8d796ad0540739273f74e7a221a04972d489baa4da39efb65
scripts/claim_classification/render_latex.py,code,13213,c912a6afca91ad6843226d42f958d9e794e5a30b3f08c74964c4e0f2be3488c3
scripts/claim_classification/run_analysis.py,code,1778,d2c8510e8982bba1bcc43a4e8f449131e81f69d2692b6a37c2ac44c49ecb35d6
scripts/complementary_descriptor_audit/__init__.py,code,61,e35fc7ec6346ca974d7a617cc97a12b569e2819a235d4eb10c4970865c7bd2f3
scripts/complementary_descriptor_audit/config.py,code,1391,93399e4793dead727bc38e3b08b877bd259f2cb4db3ac30baf88f62520c7156e
scripts/complementary_descriptor_audit/decision.py,code,4990,975a78a7dd6c72b166e6ba8daf84758a2f8d0f5351a43f57f279fff8ed52eed4
scripts/complementary_descriptor_audit/discovery.py,code,953,519b2667e1b255f36e985e4add2bddc0e4334740b94a79a6d6ab7ec6f0e3228a
scripts/complementary_descriptor_audit/manufactured.py,code,4067,2e067c4eab08b8b54c246b5072ac291048d3e4d928f94c227602fe231a38f9b4
scripts/complementary_descriptor_audit/reconstruction.py,code,3103,52fd0c085cf86b7d5820777a6b6a43895202c280232cf2c3e48e9f06424fd5f4
scripts/complementary_descriptor_audit/run_analysis.py,code,9216,f1e71500adbaaf11f4755dc603af9b2edf855ac40bcc893dc5520907bd93cf32
scripts/complementary_descriptor_audit/sensitivity.py,code,4800,1e331e80fb25181d621bff3e0afa645cc6e28d48792467a193a2023404a34682
scripts/complementary_descriptor_audit/summaries.py,code,6233,12eba5fca18dfbb8d89c349dfd38340e2701059326187fe1c5d9d85b761ea5d9
scripts/conditioning_sensitivity/__init__.py,code,55,230df8bbc159a88e9aa7175349e63698370b4794f1a9e4f250e5ee7f6d7c1a4d
scripts/conditioning_sensitivity/baseline.py,code,2807,279c278b20cfea47202fc6d97c5103b1fd6cb41acd3aa3548b64769f30e66e11
scripts/conditioning_sensitivity/condition_metrics.py,code,3118,9a86ada7a448ee2a26e571bdf18a93151cf3649cc4ed8fa86d18b2acb9a4362d
scripts/conditioning_sensitivity/config.py,code,1569,f53f10a56edb41b3c05201adbf1e84297887cd6c92841dd5d5e06c8934425d48
scripts/conditioning_sensitivity/decision.py,code,4297,43415693bb5cfffe2ebb2ec811cb80ba31911e2ff49b43fa5e0459c6f95e6aa7
scripts/conditioning_sensitivity/discovery.py,code,456,1cd58206829c2b3752d7b63a8b7ea2c2e2fdbcd613ba0e7e8983b0fe37c0ff03
scripts/conditioning_sensitivity/q_summary.py,code,4281,6c7bc5733a48971089eecf98c3b458b68203ea5404ed3db7203437b10e850dd0
scripts/conditioning_sensitivity/reconstruction.py,code,1828,8fb1098f98713c94122e7b277d71e1a8b0cd244571a76fd9623d3944d49d3e1e
scripts/conditioning_sensitivity/run_analysis.py,code,3581,6d8442858ca57149ccb1cc346f716547d56a07c3e50b15a9021bdbff4a71c7f6
scripts/export_diagnostics/__init__.py,code,79,2fcf4b46326324829c4938f8f7789966bc9df0267f1db5d69c6b44027210a4ed
scripts/export_diagnostics/aggregation.py,code,1934,c5f0e2047a403dd3e61258d13dcc80f220c2dac737bd42aca11678a1d10f8074
scripts/export_diagnostics/aggregation_sensitivity.py,code,12254,4a7531c2b68d0bfd15e66914c7fe8fa3fe9e8c88c41050378c6413b1015e8e76
scripts/export_diagnostics/config.py,code,1388,0a4ff3770fb821ff1ab19a988b5548710eee02bb1a60ccc75237c20f2af3aee5
scripts/export_diagnostics/discovery.py,code,3100,2b13e57af7027795ace02ed2298bd6aac7cd78ef5c7783aadd6d34e7eac25c94
scripts/export_diagnostics/group_diagnostics.py,code,5444,c3d44447b7cf98fc6e42b0d935c78ab56818ff5904815e2432f541db3936a46a
scripts/export_diagnostics/run_analysis.py,code,4879,e99e43b15bcc652028883564e3714b8b0bdf69f3df5358835d6ff1e969182634
scripts/export_diagnostics/summarize.py,code,3794,39a4561f577ba13095d3a8bb8e54fea5dbf6f0bc19358eb7dce2282381207f2a
scripts/export_diagnostics/validation.py,code,3356,1b08945f7399e5abdacd8dd200606d468688f14374b8195c53f77699f48f7fa4
scripts/figures/build_complementary_descriptor_audit_figure.py,code,12080,fda6b4e621231f6516ec002f29a5ce67d2532569279d19b1124f7ff15c7ec893
scripts/figures/build_conditioning_sensitivity_figure.py,code,10801,1d5a5f414c256059a539b0c225509fbf0981bacfd38fe687caead1bba2d31bac
scripts/figures/build_export_diagnostics_figure.py,code,11213,65b37e2bc92ebbcc2582228fcd57f0c299747d6b7198405e7d542a8316a9fdd0
scripts/figures/build_gradient_validation_figure.py,code,9991,aab059f49ed75fe5636ad81c24f5ce3b8dbfcf68c4140b2d09d95a1638247c80
scripts/figures/build_knn_robustness_figure.py,code,15904,4a27113ff65716c3cd00305e6fced03dca3acf027e407740c928db1085d08a01
scripts/figures/build_nature_figures.py,code,28648,03d58ef0a0e05ae6d96e51f4a509d30a6a6b4f784b0462f64b5f17330885269d
scripts/figures/build_power_response_audit_figure.py,code,10400,30fc149ca6f1d327f3815276745603106d9c12a7a3fe6d2211275c8c47ecf257
scripts/figures/build_temporal_validation_figure.py,code,9632,852d72dbefdbbd0b930ac35b81706ee0c7b220c3db9456e643c9d3af6bf8f2f7
scripts/figures/build_thermal_fidelity_audit_figure.py,code,11703,bf6f3c4a20a7533c64948beef5679b0fcffe229c75c37ebbf587a15abf9ef7b6
scripts/figures/build_thermal_gradient_audit_figure.py,code,10712,ae009ccfb3c6069797af50d0232edda94f888ec5ebd67ae2d737da879a1587b0
scripts/figures/build_velocity_distribution_overlap_figure.py,code,8595,1b8ac8191568c2cd2e37e8ebed1a84290e9c74ca50db726112452744d1b57e92
scripts/figures/build_velocity_extreme_audit_figure.py,code,12890,5ad6dab5020e7f8bac589e70e2dcc24c5252dd1920d1275bda2850e09a997a8a
scripts/figures/build_weight_exponent_sensitivity_figure.py,code,10724,af15fd5378816bb5d0eef5c0f2dc2970f9c3c917b85cdbde512e9664542cc9f1
scripts/figures/export_policy.py,code,598,4e2c8e79d638fb1e90646d26b3aa8450f64581b0b298966a0833592f8a9c084c
scripts/gradient_validation/__init__.py,code,71,e258fb404fcf67352ef7153c9aa3a79a20266dd0612550831c32c0e8124bc29a
scripts/gradient_validation/config.py,code,1239,ec16813fde36f01ed5e3c5659a26c802765abefcd1453d028a6a7a13fef68b12
scripts/gradient_validation/discovery.py,code,1588,edda0a4ba5fa2d5bb78562a66fb8ee2d043e2f475e3eac23d5ce559774bb4504
scripts/gradient_validation/geometry.py,code,1839,e1c073ab7489ceebc2d1d98ee124c6a3f6db67c98ce39789a968832ca51c811a
scripts/gradient_validation/manufactured_fields.py,code,4404,13bc0d52d74002f7db6606b7dd56696635ccf2bcb33a98cfdb3a62a6ea48d271
scripts/gradient_validation/metrics.py,code,5531,d11d5a29ccd2c6eaebc947a4c8022d97c7a65724ba6a9872ef1b1064b148d8f6
scripts/gradient_validation/model_order.py,code,5872,1ce246bb3e28e7e9529983cac5d98206d19827c5ba98f478708a8c0f4a6a1a5d
scripts/gradient_validation/native_reference.py,code,6993,549c0dc2cbf94c88d84529369ddee636a77a3b174345f40374f0c07905e9b16e
scripts/gradient_validation/quadratic.py,code,2222,b601fc9f6b2b9dbd5f65825dabc7a9f4b21fdeb22bb35dcc51af64cee3892b86
scripts/gradient_validation/resampling.py,code,4638,4efb997335e9de261390ef2b05192f55cbd74aec7511550c717eba1024cad59d
scripts/gradient_validation/run_analysis.py,code,5174,c7d5380bb8aa3a5f31474f4100162065cddf65a36aa1ce40a28605497215d350
scripts/gradient_validation/summarize.py,code,5438,4ba0e970f8c23c7e65915796829d056ec1615d46d7fdbaf48cd2b67c436d2103
scripts/model_fidelity_boundary/__init__.py,code,80,014264fc38efe48e9e6a088a932c93a22c8ef4f08e8f45944cb864a15212ecb6
scripts/model_fidelity_boundary/alignment.py,code,1497,7a1c85a9c7919052224406226ecbe2d5f8d6c8ed388d1af3cf2b0838b918f38e
scripts/model_fidelity_boundary/config.py,code,3839,5df6560dd01fcb8df29c29ce931a3bbf41cec241bbdcc88f4b3b7b9c6ab724ea
scripts/model_fidelity_boundary/gates.py,code,1498,f29edd9560186dd90176b6b0cd931259b71cb031aa7558ac0b8410f7b0f0e5f3
scripts/model_fidelity_boundary/render_latex.py,code,1966,85dc8f8a93e0b5892cb91bc854a542cd1646c54aaf383172b320e7d36545db4a
scripts/model_fidelity_boundary/run_analysis.py,code,1936,a0ea354ef89b8bfa8402d15c335ff5028ceed8f5a83aa8c06aba175d795c4fca
scripts/model_fidelity_boundary/sources.py,code,2150,2212756be5b86df4cf69a6117365f0f89020381eb487e91bab7a2a68dd1eb758
scripts/model_fidelity_boundary/summary.py,code,3595,bd8dc3ec96eff95e49b203f8adb7ac13877c50ca35103266976a02bf3240ba85
scripts/power_response_audit/__init__.py,code,80,d8d51d9f14a1184a3b1da9d31a46911aa780460044639054ce992be6ae1da6d7
scripts/power_response_audit/aggregation_audit.py,code,3278,944a38551d0e6920c2b8e113d23b9eba8717fa2e9eddc88de260d405cf267097
scripts/power_response_audit/config.py,code,2811,c66e4602eec9073be13af7cfa650285b79002ad9d785943628c2bdf8d16f56f6
scripts/power_response_audit/inputs.py,code,4027,11c507409d53c51d50eeb19806a4cf481f8a87cd86a10287331ce65a43190803
scripts/power_response_audit/local_extrema.py,code,2207,84f335b0c31c913016edae4c531f75cb5635d60564ff0b05a1bae0b6d6fdceb1
scripts/power_response_audit/pairwise_context.py,code,4057,0f6863497a36a2ae6c29f09ee392471e08de77d4bf66cffd81d38e614d50ad0b
scripts/power_response_audit/run_analysis.py,code,4857,fec6a9b76b4511b5b8a629189a99423ba5f1618f6c47924faee9aa90e0f87a0c
scripts/power_response_audit/snapshot_metrics.py,code,4848,fb5be5b75d72640c75924f14b87adf6d6f9db8c6273bf16e541c31b9cd579447
scripts/power_response_audit/summary.py,code,3668,dc1051732f6ac6a7c12c46480f325b59a62b46a91dd0e1bb345277f2a5a469ab
scripts/power_response_audit/temperature_median.py,code,1551,88631c068fbe57bde5b7f8314a5122394dc6781ecb2b04ff60ef4c2369ff29d1
scripts/release_package/__init__.py,code,70,327c9d114bbbaea9677ec023924a25a6c9ce4628b049ecc133b40b61ad6c7895
scripts/release_package/archive.py,code,2716,3de90b40eaeea5a397d69ac890cdc7232e3dc5ff746d7b922029548fa956e83b
scripts/release_package/config.py,code,1755,f98c803f00bdc450d02a03ad6ef2e209a8561eb69c3b8d86e0c8c696f9a1dd9c
scripts/release_package/documents.py,code,12824,ac8809fa89d155a1d2a5c54cdd53991fad24adc0a26a64bd0084e7958ef26aa5
scripts/release_package/inventory.py,code,5800,60be17d04839ae8fa255ba31cf312218c44ad64da4dce5c5a4d9ad06ca164029
scripts/release_package/run.py,code,1388,ae94e2329beac3f8c4c65463537ba6cf0ab3e42bbb7e7fa228f8baa95196482e
scripts/release_package/stage.py,code,2024,ded963099c64271a6d1c679b4ed0be3070564a0deef3ed73056aa06d0d196ed7
scripts/release_package/verification.py,code,6678,a9db5176fe32fb540d857acddeff5b2a699d203be17b2ff84ef8bc46cabafdde
scripts/robustness/__init__.py,code,64,b098ed76d0cc26432687447dfc2ad782c6ba1013ceac0faeb16835653ba09634
scripts/robustness/config.py,code,1329,129fd62824a30dd10c44c68ee792fc0128b02ddbc15c50f8d1a8b0a8a10818dc
scripts/robustness/discovery.py,code,2088,c5f9aa08e2e160d299c788185c498a0cb3eeebca2681cad22bb5efbc1d1c91e3
scripts/robustness/knn_scan.py,code,5220,de706dccad53e60eb4a291da551017fe1ea358de073032ae5fafd14a3957db5b
scripts/robustness/neighborhood_scale.py,code,1737,593ff5b321328758fa8104267d5c1dd09c14e1e9695949c805fcb45dd2a94287
scripts/robustness/run_analysis.py,code,4125,d4d8d668858eebeb7a64468e246b6c4257fff12241b674a494fd2a40e85e7a00
scripts/robustness/summarize.py,code,8263,af1bbb0ee2c3fb2331e883fcc65cf52bc6f3dfde87a79cac4e0c2cc742dfac69
scripts/robustness/support_policy.py,code,5985,cffc44c8000bbb3278b76f5f2bb3878129095416355405f3026de26394972c0b
scripts/spatial_support_audit/__init__.py,code,75,f9969a5f705fbbe46c1ba6e4b806142bf7e3ee65e79b04c7d482f85b441ed71b
scripts/spatial_support_audit/inputs.py,code,4103,7b32c7f5fcde0fc163b8e2edb4109b12e130250b4e3b30d62a1e5bfa3769d6fd
scripts/spatial_support_audit/legacy_centroid_shift.py,code,4396,643357bc1e1d384c7ba095f2b2dd672f1e3243313e20b5621c7c63de3c695365
scripts/spatial_support_audit/legacy_shift_config.py,code,217,be9075b5db886dd4cdf8c38f50f4a5ca63369f6174cb6bc0e3803a092b35b4b1
scripts/spatial_support_audit/paths.py,code,1465,5634cf6b6851a4f6e6c30af5bf7312b144007d505dca2f56b2db2e6d2b2292fe
scripts/spatial_support_audit/reconciliation.py,code,1717,9c73e5f96f2a842f15fde08f818a7cb028e9e4e46ce49736f00b2b9f6ec29b45
scripts/spatial_support_audit/report.py,code,2977,3ac20a9732e654d755c299c9a4f2980e86ac076c138415b43856582dfe23d8ee
scripts/spatial_support_audit/run.py,code,1318,87f0332a44f14052e2628e7f9e7c10a6cdfb25ecbb3054ddd3d596c2df6e1335
scripts/spatial_support_audit/slice_support.py,code,2174,afb0534e519d8a6e809e511237964089c5e31b4b8ad5b8fb6b1db6389afb8d05
scripts/temporal_validation/__init__.py,code,232,efeedd25eb9620a57f1f248756b226db3af94f8bcfa594166de4e220881475c4
scripts/temporal_validation/config.py,code,1931,247220056487dc2ffe3682f48c8494c0a8760414388b116f0e9c294fa7ebcf1e
scripts/temporal_validation/discovery.py,code,3529,ed466e7a40d5e0c0823cdba100b28c045abf75d5029d7f997ae9308a5d641340
scripts/temporal_validation/metrics.py,code,2769,d60da035da738c0478e21b7c7f0b08f4b1bb10e89fbf9a915ecc90b48565e4ac
scripts/temporal_validation/reproducibility.py,code,1630,ac8e3647cb5732b1155cbca89525c335bbb385a0456b1ab57eb7970cef0b5ceb
scripts/temporal_validation/run_analysis.py,code,3143,99b1183c1c5bcc403268604f65047e3571fbaebb8819524ac575f4560e72a639
scripts/temporal_validation/stability.py,code,4812,9f8345af108f23966a159a5659e3fb306496972582a5c7c0799cdb98c67274f1
scripts/thermal_fidelity_audit/__init__.py,code,246,c17bf7ef232fd911f7e3c317c54f0292ef3b39b51708608b073b3f0406795f89
scripts/thermal_fidelity_audit/config.py,code,1652,c1ecf3761e0e3cb95000e12bf28a9751929116436a98bb9b77f9dc45ce080a6b
scripts/thermal_fidelity_audit/gates.py,code,7298,b96e0e3801b84aec8f4e1b6ab26bb8d277725b5dd4785bde059fef5c28c15a21
scripts/thermal_fidelity_audit/render_latex.py,code,2646,94667306f2cff2c3b6c845858019f8a854b22983a2eee069d2610d90fb8ceb78
scripts/thermal_fidelity_audit/run_analysis.py,code,2736,5a75fe08b299a9c60900b628b0afe1bbe0273d49b91aa3a94a7d15f6cbbdbd79
scripts/thermal_fidelity_audit/running_log.py,code,6873,1b827a257a5d6e165ffd18d2a615761132d2b91f3b5fed3ae802e2d07de33d98
scripts/thermal_fidelity_audit/sources.py,code,5141,7365d12a925ea418d50b6eef9ec9e58188cecbad397f456bb7d8180224d6411c
scripts/thermal_fidelity_audit/summary.py,code,808,c6753afb30f0f14a6ef83be8bc4c7e8346ea95489f5f332134058025d1867060
scripts/thermal_fidelity_audit/temperature_tail.py,code,6592,03a00dfe5b69391a99e50eaf6d50e7c83773aa115a3f0b30a80d39e95664d4b2
scripts/thermal_gradient_audit/__init__.py,code,86,e85db9d04b5f7263829bdba50fe092a40a741a16cf5c421f9626fd69b594141d
scripts/thermal_gradient_audit/aggregation_sensitivity.py,code,1276,7f56b5a5c33373bd33d2e7725cfb8fdeaaf0581e6fa516aedcf3ffdfa16fa8e8
scripts/thermal_gradient_audit/config.py,code,785,0aff503f83bf21fafe5db721536c255656cd7003b76061507469d6cb573e5b76
scripts/thermal_gradient_audit/discovery.py,code,1581,5e2ade5333df159dcbfaaf1459f2a7120e86cc2f8e4e03d2703446641a7e702c
scripts/thermal_gradient_audit/metrics.py,code,4293,56ac2f5af75ae67ab368990e0af12d4d6902cb0fe87f10d3c7eafdb9d48c14fa
scripts/thermal_gradient_audit/run_analysis.py,code,2366,796374609eed56b5ccec03c4bd91d729ba97c13f8bf00659bab584bdeef4b4ff
scripts/thermal_gradient_audit/summary.py,code,8211,2cb3e306b64e91da9bac65b27d524225fa5c1ee710aa844498695d74876abaf5
scripts/thermal_gradient_audit/temporal_audit.py,code,545,8a22e3cfbcc602f507d1d23a89364ef040a2fc9826d52a7435920ed1dc29cfb9
scripts/transferability_scope_audit/__init__.py,code,69,64d4ccf2c4212b8044718f1ef9709ce64648ea3af869154e673ae3e62b67d453
scripts/transferability_scope_audit/config.py,code,3301,c06d9d8fc3c6677f0e612d5af5a3db998069e357bbcda45fbdd01a3830eaff81
scripts/transferability_scope_audit/controls.py,code,6280,e4eddeeb2cfba648ef5eaf6dd6d2baafae4b7060eb71eca667fc1dbcf20607a9
scripts/transferability_scope_audit/gates.py,code,580,630a5c8faf3a117cfb48b15ca4440e72907825f71fc9b70933dbd66d5ccb871a
scripts/transferability_scope_audit/run_analysis.py,code,1805,953323e64347a96e4dbbb76e52a8925416e628c8eebd8ace333aa489a063ddc2
scripts/transferability_scope_audit/sources.py,code,2145,48c4ef94a1e1bfba49e04bdcae5b6ef201fc0576818b53b46af3b3179c8aeba0
scripts/transferability_scope_audit/summary.py,code,2646,d5ccd0aeb25dc870612504c4b8a9b1349e17716809d185afc2c787d00c8955ab
scripts/velocity_distribution_overlap_audit/__init__.py,code,81,76d5670b837f268b2f9d715fdbf90e1164f022dd8daeca46920dfdd7354a1a44
scripts/velocity_distribution_overlap_audit/config.py,code,782,373b4cfd160f367666fc8acfeac4128ca668827d24193c2ba53bdb8ffdeb120f
scripts/velocity_distribution_overlap_audit/inputs.py,code,817,86a748b03ac56db0c080bb76cc10381c25209cec070be8dea69f930c989c71a3
scripts/velocity_distribution_overlap_audit/metrics.py,code,5115,f15de30482ce2abfbe0b3f123fbfdf764bd5c5428d068da674841b9e1c04addf
scripts/velocity_distribution_overlap_audit/run_analysis.py,code,1834,5307b08e98314319df97bc448a4fa246b51b4582107e71764ade919a2cce0096
scripts/velocity_distribution_overlap_audit/summary.py,code,4877,7f7f4e55f3ae230031289803734d64879e770211e01089070909eecd4e30c3e5
scripts/velocity_extreme_audit/__init__.py,code,85,28f3272e0c63c03f9ee6c9213f48d3de1eb08686499b0517b324e42d1bf14011
scripts/velocity_extreme_audit/config.py,code,1856,ff01bb52bdafeeadc663441e434efd40323b0e4a52a8fccb27b5fb44c7246873
scripts/velocity_extreme_audit/health.py,code,7520,5b8054bac2c5ccb45f5e4efae53f0c35298343108a7f5e0771585bad7babe237
scripts/velocity_extreme_audit/inputs.py,code,7084,7128a1c5f1e497e56853c7b3b80dc303ece62b53bec4f686fe8f276849997e1c
scripts/velocity_extreme_audit/run_analysis.py,code,2904,e686fb0c8840b931eaab6ef16c0a8ceb0f68a8764758949aa651bd766761546b
scripts/velocity_extreme_audit/solver_history.py,code,2880,871dbd0a713c5998a0835996e6e812496e14b08af82449b4d8ef3455c615b2dc
scripts/velocity_extreme_audit/summary.py,code,4654,796d05666c31e0fdc7f29a7499bcf5b7a244fe292953d0a176e7e01d7bf496d8
scripts/velocity_extreme_audit/velocity.py,code,9446,2fa4b2e5fa96c014a7e4bc923f2eab68618bee78aaf3535574e0b85d1249fc1d
scripts/weight_exponent_sensitivity/__init__.py,code,73,caab45da3267c95a8ad43d27b0d738c3463365d09d64f92f1327c1fbd2849466
scripts/weight_exponent_sensitivity/baseline.py,code,1735,0a3363bda45983636f9b75852ded6c1f3bfaf60c9260d4eb748990e86afe03f0
scripts/weight_exponent_sensitivity/config.py,code,1074,ea0712bd351597ac04f6a8eab888162b4504f5cb12afc9f7cf6e47f098105770
scripts/weight_exponent_sensitivity/decision.py,code,6648,f2bd62012392b7ec0647b2c01f123241a01d385bba24852e01f2f023fe6bdc62
scripts/weight_exponent_sensitivity/discovery.py,code,286,fc637d6b6e21ef1e928f3fa0f0caffa31d0b671d7003525024a20b80ca25160d
scripts/weight_exponent_sensitivity/manufactured.py,code,2686,4d2b3c492b55c249920e3ca733ce1ef8c411f60e8e9946159caeed64d5d2cb3a
scripts/weight_exponent_sensitivity/q_summary.py,code,6144,56e9e2e8f7b6e4f88f41660a2694bbf1b349f3e0dd1a0307ea4024639861a745
scripts/weight_exponent_sensitivity/reconstruction.py,code,968,e99ab12996aa7e474a281b5bba7aaa90f5f782121a81ed5f4b2ebf1476224cb1
scripts/weight_exponent_sensitivity/resampling.py,code,1374,94894c34ebe33012de3c3b9b55bbf49cfc6239fe009c8be69ea7a230518ebab2
scripts/weight_exponent_sensitivity/run_analysis.py,code,5564,84bf88e83a8e3d2205c8af45aad99504f243abdd32f9ebc87fbc9888a0f7c815
scripts/weight_exponent_sensitivity/weight_geometry.py,code,3112,59ce621154ee56a090165eb4ec1fcb7113532188a669ba757ae29856c2b885aa
tests/test_claim_classification.py,test,6609,b29b4ee921326a1032a3bc99e52d1156c6d6b6939da0337ec65958f49654b964
tests/test_complementary_descriptor_audit.py,test,1807,a16e1d1de710091f3aa4d4a03ce42ddf2df916b653bfeef36569382df48bb2b8
tests/test_model_fidelity_boundary.py,test,2848,f11bc82a10498b85edceac0f9d104e62eea31061d218569474a66f9a78441626
tests/test_power_response_audit.py,test,3023,0a85c3aaf9457373b5ed72e1372fa06c953f837de04195251a41d6b6cf8f7a32
tests/test_release_package.py,test,2805,59a19a03b80e1fca477df30ed399698d22fef997aabac3dd0f5d0b63278be577
tests/test_revision_markup_audit.py,test,738,73d54cd5ec8039e1c487f29d5b70cb31ffc47f2a0d33605a695368f2f88009fc
tests/test_tensor_metrics.py,test,3445,728d1d58610b01821728d85d8e6b39ee3fda56775367e906d58ba4461bbe51eb
tests/test_thermal_fidelity_audit.py,test,3180,9e7cd54022e7e9c69977a36d42c27f45e21e97337c4f7aa0bcfb61b47456c29f
tests/test_transferability_scope_audit.py,test,3094,2002f4c5f3f5b46329ac30e433ba5fe68b4c9b0c7b10cfd1fbb55de7c37ba599
tests/test_velocity_distribution_overlap_audit.py,test,2691,a0a61f91c32840f818ca809e88080e51fda00c2637676d4ac40bcc16741a5453
tests/test_velocity_extreme_audit.py,test,2921,01967b85576c6d868e4e6b75f37f22dadc9eb0e299f5cd624237f612191293b9
