kNN,region,threshold,threshold_value,phi_350,phi_400,ratio_350_400,diff_350_400,direction
8,all,Q>0,0.0,0.15845070422535212,0.09523809523809523,1.6637323943661975,0.06321260898725689,350>400
8,all,Q>posP50,6467.903243207464,0.07746478873239436,0.04395604395604396,1.7623239436619715,0.0335087447763504,350>400
8,all,Q>posP75,36902.75604833299,0.03169014084507042,0.02564102564102564,1.2359154929577465,0.006049115204044782,350>400
8,all,Q>posP90,188221.57854522474,0.01056338028169014,0.02197802197802198,0.4806338028169014,-0.011414641696331839,350<400
8,heated,Q>0,0.0,0.075,0.14814814814814814,0.50625,-0.07314814814814814,350<400
8,heated,Q>posP50,146754.2195438668,0.0,0.14814814814814814,0.0,-0.14814814814814814,350<400
8,heated,Q>posP75,440417.5270013951,0.0,0.07407407407407407,0.0,-0.07407407407407407,350<400
8,heated,Q>posP90,668014.2289189949,0.0,0.07407407407407407,0.0,-0.07407407407407407,350<400
8,interface,Q>0,0.0,0.11678832116788321,0.0703125,1.6609894566098946,0.04647582116788321,350>400
8,interface,Q>posP50,56465.29231288348,0.058394160583941604,0.046875,1.245742092457421,0.011519160583941604,350>400
8,interface,Q>posP75,215498.25055635368,0.0072992700729927005,0.046875,0.15571776155717762,-0.0395757299270073,350<400
8,interface,Q>posP90,637922.2765166567,0.0,0.015625,0.0,-0.015625,350<400
8,interface_heated,Q>0,0.0,0.08108108108108109,0.15384615384615385,0.527027027027027,-0.07276507276507277,350<400
8,interface_heated,Q>posP50,146754.2195438668,0.0,0.15384615384615385,0.0,-0.15384615384615385,350<400
8,interface_heated,Q>posP75,440417.5270013951,0.0,0.07692307692307693,0.0,-0.07692307692307693,350<400
8,interface_heated,Q>posP90,668014.2289189949,0.0,0.07692307692307693,0.0,-0.07692307692307693,350<400
9,all,Q>0,0.0,0.17482517482517482,0.06934306569343066,2.521163047478837,0.10548210913174416,350>400
9,all,Q>posP50,6533.155861489504,0.08741258741258741,0.029197080291970802,2.9938811188811187,0.05821550712061661,350>400
9,all,Q>posP75,31278.33990971308,0.038461538461538464,0.01824817518248175,2.107692307692308,0.020213363279056713,350>400
9,all,Q>posP90,121195.15834282222,0.017482517482517484,0.014598540145985401,1.1975524475524477,0.002883977336532083,350>400
9,heated,Q>0,0.0,0.1,0.1111111111111111,0.9000000000000001,-0.0111111111111111,350<400
9,heated,Q>posP50,97755.45255326759,0.025,0.1111111111111111,0.22500000000000003,-0.08611111111111111,350<400
9,heated,Q>posP75,262538.1440380153,0.0,0.1111111111111111,0.0,-0.1111111111111111,350<400
9,heated,Q>posP90,723921.6242221367,0.0,0.1111111111111111,0.0,-0.1111111111111111,350<400
9,interface,Q>0,0.0,0.1386861313868613,0.0390625,3.5503649635036494,0.09962363138686131,350>400
9,interface,Q>posP50,48674.24987871504,0.051094890510948905,0.03125,1.635036496350365,0.019844890510948905,350>400
9,interface,Q>posP75,180596.2948640128,0.029197080291970802,0.03125,0.9343065693430657,-0.002052919708029198,350<400
9,interface,Q>posP90,763152.0518490219,0.0,0.0234375,0.0,-0.0234375,350<400
9,interface_heated,Q>0,0.0,0.10810810810810811,0.11538461538461539,0.9369369369369369,-0.007276507276507277,350<400
9,interface_heated,Q>posP50,97755.45255326759,0.02702702702702703,0.11538461538461539,0.23423423423423423,-0.08835758835758836,350<400
9,interface_heated,Q>posP75,262538.1440380153,0.0,0.11538461538461539,0.0,-0.11538461538461539,350<400
9,interface_heated,Q>posP90,723921.6242221367,0.0,0.11538461538461539,0.0,-0.11538461538461539,350<400
10,all,Q>0,0.0,0.1793103448275862,0.09854014598540146,1.8196679438058747,0.08077019884218474,350>400
10,all,Q>posP50,6828.976340895664,0.10344827586206896,0.043795620437956206,2.362068965517241,0.05965265542411276,350>400
10,all,Q>posP75,30225.039920510782,0.05172413793103448,0.025547445255474453,2.0246305418719213,0.02617669267556003,350>400
10,all,Q>posP90,127436.30907176193,0.017241379310344827,0.021897810218978103,0.7873563218390804,-0.004656430908633276,350<400
10,heated,Q>0,0.0,0.125,0.18518518518518517,0.675,-0.060185185185185175,350<400
10,heated,Q>posP50,63598.44207557716,0.025,0.14814814814814814,0.16875,-0.12314814814814815,350<400
10,heated,Q>posP75,182330.09437551477,0.0,0.1111111111111111,0.0,-0.1111111111111111,350<400
10,heated,Q>posP90,467469.6900254853,0.0,0.07407407407407407,0.0,-0.07407407407407407,350<400
10,interface,Q>0,0.0,0.1897810218978102,0.0703125,2.6991078669910786,0.11946852189781021,350>400
10,interface,Q>posP50,42742.90596739159,0.08759124087591241,0.0546875,1.6016684045881127,0.03290374087591241,350>400
10,interface,Q>posP75,121383.91716247922,0.043795620437956206,0.046875,0.9343065693430658,-0.0030793795620437936,350<400
10,interface,Q>posP90,455928.09989022545,0.0072992700729927005,0.0234375,0.31143552311435524,-0.0161382299270073,350<400
10,interface_heated,Q>0,0.0,0.13513513513513514,0.19230769230769232,0.7027027027027027,-0.057172557172557176,350<400
10,interface_heated,Q>posP50,63598.44207557716,0.02702702702702703,0.15384615384615385,0.17567567567567569,-0.12681912681912683,350<400
10,interface_heated,Q>posP75,182330.09437551477,0.0,0.11538461538461539,0.0,-0.11538461538461539,350<400
10,interface_heated,Q>posP90,467469.6900254853,0.0,0.07692307692307693,0.0,-0.07692307692307693,350<400
11,all,Q>0,0.0,0.17465753424657535,0.09057971014492754,1.9282191780821918,0.08407782410164781,350>400
11,all,Q>posP50,8178.328914436825,0.10273972602739725,0.03260869565217391,3.150684931506849,0.07013103037522334,350>400
11,all,Q>posP75,46308.08004292684,0.04794520547945205,0.025362318840579712,1.8904109589041094,0.02258288663887234,350>400
11,all,Q>posP90,140597.8695298763,0.00684931506849315,0.021739130434782608,0.3150684931506849,-0.014889815366289458,350<400
11,heated,Q>0,0.0,0.125,0.14814814814814814,0.84375,-0.02314814814814814,350<400
11,heated,Q>posP50,102455.68496423733,0.025,0.14814814814814814,0.16875,-0.12314814814814815,350<400
11,heated,Q>posP75,183768.5634527695,0.0,0.07407407407407407,0.0,-0.07407407407407407,350<400
11,heated,Q>posP90,634819.6481351308,0.0,0.07407407407407407,0.0,-0.07407407407407407,350<400
11,interface,Q>0,0.0,0.1897810218978102,0.0625,3.0364963503649633,0.1272810218978102,350>400
11,interface,Q>posP50,49770.57986603197,0.072992700729927,0.0546875,1.3347236704900938,0.018305200729927,350>400
11,interface,Q>posP75,136356.16356101824,0.021897810218978103,0.046875,0.4671532846715329,-0.024977189781021897,350<400
11,interface,Q>posP90,453549.99749915535,0.0,0.015625,0.0,-0.015625,350<400
11,interface_heated,Q>0,0.0,0.13513513513513514,0.15384615384615385,0.8783783783783784,-0.018711018711018712,350<400
11,interface_heated,Q>posP50,102455.68496423733,0.02702702702702703,0.15384615384615385,0.17567567567567569,-0.12681912681912683,350<400
11,interface_heated,Q>posP75,183768.5634527695,0.0,0.07692307692307693,0.0,-0.07692307692307693,350<400
11,interface_heated,Q>posP90,634819.6481351308,0.0,0.07692307692307693,0.0,-0.07692307692307693,350<400
12,all,Q>0,0.0,0.17465753424657535,0.07885304659498207,2.214975093399751,0.09580448765159327,350>400
12,all,Q>posP50,7532.632196052024,0.09246575342465753,0.021505376344086023,4.299657534246575,0.07096037708057151,350>400
12,all,Q>posP75,36777.16168087619,0.0410958904109589,0.017921146953405017,2.293150684931507,0.023174743457553885,350>400
12,all,Q>posP90,98708.73434809226,0.0136986301369863,0.014336917562724014,0.9554794520547945,-0.0006382874257377137,350<400
12,heated,Q>0,0.0,0.1,0.14814814814814814,0.675,-0.048148148148148134,350<400
12,heated,Q>posP50,52641.601157529105,0.05,0.1111111111111111,0.45000000000000007,-0.0611111111111111,350<400
12,heated,Q>posP75,195810.0650622489,0.0,0.1111111111111111,0.0,-0.1111111111111111,350<400
12,heated,Q>posP90,457079.1789174384,0.0,0.07407407407407407,0.0,-0.07407407407407407,350<400
12,interface,Q>0,0.0,0.18248175182481752,0.046875,3.8929440389294405,0.13560675182481752,350>400
12,interface,Q>posP50,37008.85905109998,0.06569343065693431,0.0390625,1.6817518248175183,0.02663093065693431,350>400
12,interface,Q>posP75,82221.23674080476,0.0364963503649635,0.03125,1.167883211678832,0.005246350364963501,350>400
12,interface,Q>posP90,459406.92576003255,0.0072992700729927005,0.015625,0.46715328467153283,-0.0083257299270073,350<400
12,interface_heated,Q>0,0.0,0.10810810810810811,0.15384615384615385,0.7027027027027027,-0.04573804573804574,350<400
12,interface_heated,Q>posP50,52641.601157529105,0.05405405405405406,0.11538461538461539,0.46846846846846846,-0.061330561330561334,350<400
12,interface_heated,Q>posP75,195810.0650622489,0.0,0.11538461538461539,0.0,-0.11538461538461539,350<400
12,interface_heated,Q>posP90,457079.1789174384,0.0,0.07692307692307693,0.0,-0.07692307692307693,350<400
13,all,Q>0,0.0,0.1643835616438356,0.11785714285714285,1.3947696139476962,0.04652641878669275,350>400
13,all,Q>posP50,5410.524467686253,0.09931506849315068,0.04285714285714286,2.317351598173516,0.05645792563600782,350>400
13,all,Q>posP75,32280.894327683618,0.04452054794520548,0.02142857142857143,2.0776255707762554,0.023091976516634048,350>400
13,all,Q>posP90,99818.88603828967,0.02054794520547945,0.010714285714285714,1.917808219178082,0.009833659491193737,350>400
13,heated,Q>0,0.0,0.05,0.18518518518518517,0.27,-0.13518518518518519,350<400
13,heated,Q>posP50,54897.6366022464,0.05,0.14814814814814814,0.3375,-0.09814814814814814,350<400
13,heated,Q>posP75,163909.89063167607,0.0,0.1111111111111111,0.0,-0.1111111111111111,350<400
13,heated,Q>posP90,437655.5063848374,0.0,0.1111111111111111,0.0,-0.1111111111111111,350<400
13,interface,Q>0,0.0,0.17518248175182483,0.0546875,3.2033368091762253,0.12049498175182483,350>400
13,interface,Q>posP50,35602.39393655161,0.06569343065693431,0.046875,1.4014598540145986,0.01881843065693431,350>400
13,interface,Q>posP75,91157.7430105994,0.043795620437956206,0.0234375,1.8686131386861315,0.020358120437956206,350>400
13,interface,Q>posP90,377479.5315843959,0.014598540145985401,0.0234375,0.6228710462287105,-0.008838959854014599,350<400
13,interface_heated,Q>0,0.0,0.05405405405405406,0.19230769230769232,0.2810810810810811,-0.13825363825363826,350<400
13,interface_heated,Q>posP50,54897.6366022464,0.05405405405405406,0.15384615384615385,0.35135135135135137,-0.0997920997920998,350<400
13,interface_heated,Q>posP75,163909.89063167607,0.0,0.11538461538461539,0.0,-0.11538461538461539,350<400
13,interface_heated,Q>posP90,437655.5063848374,0.0,0.11538461538461539,0.0,-0.11538461538461539,350<400
14,all,Q>0,0.0,0.19047619047619047,0.10357142857142858,1.8390804597701147,0.08690476190476189,350>400
14,all,Q>posP50,6053.393604728146,0.10204081632653061,0.03571428571428571,2.857142857142857,0.0663265306122449,350>400
14,all,Q>posP75,30714.25068754854,0.04421768707482993,0.014285714285714285,3.0952380952380953,0.02993197278911565,350>400
14,all,Q>posP90,92302.66594419503,0.017006802721088437,0.007142857142857143,2.3809523809523814,0.009863945578231295,350>400
14,heated,Q>0,0.0,0.1,0.18518518518518517,0.54,-0.08518518518518517,350<400
14,heated,Q>posP50,50216.931332787964,0.05,0.14814814814814814,0.3375,-0.09814814814814814,350<400
14,heated,Q>posP75,125200.2454512869,0.025,0.07407407407407407,0.3375,-0.04907407407407407,350<400
14,heated,Q>posP90,351771.1144805876,0.0,0.07407407407407407,0.0,-0.07407407407407407,350<400
14,interface,Q>0,0.0,0.1897810218978102,0.0546875,3.4702815432742438,0.1350935218978102,350>400
14,interface,Q>posP50,28944.30407681061,0.06569343065693431,0.03125,2.102189781021898,0.03444343065693431,350>400
14,interface,Q>posP75,73458.54882359954,0.043795620437956206,0.015625,2.802919708029197,0.028170620437956206,350>400
14,interface,Q>posP90,270665.8935430039,0.0072992700729927005,0.015625,0.46715328467153283,-0.0083257299270073,350<400
14,interface_heated,Q>0,0.0,0.10810810810810811,0.19230769230769232,0.5621621621621622,-0.0841995841995842,350<400
14,interface_heated,Q>posP50,50216.931332787964,0.05405405405405406,0.15384615384615385,0.35135135135135137,-0.0997920997920998,350<400
14,interface_heated,Q>posP75,125200.2454512869,0.02702702702702703,0.07692307692307693,0.35135135135135137,-0.0498960498960499,350<400
14,interface_heated,Q>posP90,351771.1144805876,0.0,0.07692307692307693,0.0,-0.07692307692307693,350<400
15,all,Q>0,0.0,0.18983050847457628,0.10877192982456141,1.745215965008201,0.08105857865001487,350>400
15,all,Q>posP50,5810.207488695138,0.08813559322033898,0.031578947368421054,2.790960451977401,0.05655664585191793,350>400
15,all,Q>posP75,29534.465012916906,0.05423728813559322,0.017543859649122806,3.0915254237288137,0.03669342848647041,350>400
15,all,Q>posP90,77011.09423273406,0.013559322033898305,0.010526315789473684,1.2881355932203389,0.0030330062444246207,350>400
15,heated,Q>0,0.0,0.075,0.18518518518518517,0.405,-0.11018518518518518,350<400
15,heated,Q>posP50,59984.592582673155,0.05,0.1111111111111111,0.45000000000000007,-0.0611111111111111,350<400
15,heated,Q>posP75,152741.94023753013,0.0,0.1111111111111111,0.0,-0.1111111111111111,350<400
15,heated,Q>posP90,367304.9517165555,0.0,0.07407407407407407,0.0,-0.07407407407407407,350<400
15,interface,Q>0,0.0,0.18248175182481752,0.0703125,2.59529602595296,0.11216925182481752,350>400
15,interface,Q>posP50,30629.18380373645,0.08029197080291971,0.0390625,2.0554744525547446,0.04122947080291971,350>400
15,interface,Q>posP75,62627.77911622882,0.043795620437956206,0.0234375,1.8686131386861315,0.020358120437956206,350>400
15,interface,Q>posP90,202356.37723115901,0.0072992700729927005,0.015625,0.46715328467153283,-0.0083257299270073,350<400
15,interface_heated,Q>0,0.0,0.08108108108108109,0.19230769230769232,0.42162162162162165,-0.11122661122661123,350<400
15,interface_heated,Q>posP50,59984.592582673155,0.05405405405405406,0.11538461538461539,0.46846846846846846,-0.061330561330561334,350<400
15,interface_heated,Q>posP75,152741.94023753013,0.0,0.11538461538461539,0.0,-0.11538461538461539,350<400
15,interface_heated,Q>posP90,367304.9517165555,0.0,0.07692307692307693,0.0,-0.07692307692307693,350<400
16,all,Q>0,0.0,0.15824915824915825,0.08070175438596491,1.9609134826526131,0.07754740386319334,350>400
16,all,Q>posP50,7928.587411970486,0.09090909090909091,0.021052631578947368,4.318181818181818,0.06985645933014355,350>400
16,all,Q>posP75,30105.651447348522,0.04377104377104377,0.010526315789473684,4.158249158249158,0.03324472798157009,350>400
16,all,Q>posP90,86424.46419072783,0.006734006734006734,0.007017543859649123,0.9595959595959596,-0.0002835371256423892,350<400
16,heated,Q>0,0.0,0.075,0.1111111111111111,0.675,-0.03611111111111111,350<400
16,heated,Q>posP50,48033.1334633339,0.05,0.1111111111111111,0.45000000000000007,-0.0611111111111111,350<400
16,heated,Q>posP75,86164.79270508947,0.025,0.07407407407407407,0.3375,-0.04907407407407407,350<400
16,heated,Q>posP90,232239.69088825514,0.0,0.07407407407407407,0.0,-0.07407407407407407,350<400
16,interface,Q>0,0.0,0.18248175182481752,0.0390625,4.671532846715328,0.14341925182481752,350>400
16,interface,Q>posP50,27977.704044732196,0.08029197080291971,0.0234375,3.4257907542579074,0.05685447080291971,350>400
16,interface,Q>posP75,61383.27304860503,0.029197080291970802,0.0234375,1.245742092457421,0.005759580291970802,350>400
16,interface,Q>posP90,140400.339458335,0.0072992700729927005,0.015625,0.46715328467153283,-0.0083257299270073,350<400
16,interface_heated,Q>0,0.0,0.08108108108108109,0.11538461538461539,0.7027027027027027,-0.034303534303534305,350<400
16,interface_heated,Q>posP50,48033.1334633339,0.05405405405405406,0.11538461538461539,0.46846846846846846,-0.061330561330561334,350<400
16,interface_heated,Q>posP75,86164.79270508947,0.02702702702702703,0.07692307692307693,0.35135135135135137,-0.0498960498960499,350<400
16,interface_heated,Q>posP90,232239.69088825514,0.0,0.07692307692307693,0.0,-0.07692307692307693,350<400
17,all,Q>0,0.0,0.15282392026578073,0.0912280701754386,1.6751852798364426,0.06159585009034213,350>400
17,all,Q>posP50,7551.014966036406,0.08970099667774087,0.017543859649122806,5.11295681063123,0.07215713702861806,350>400
17,all,Q>posP75,30268.734920746792,0.036544850498338874,0.014035087719298246,2.603820598006645,0.022509762779040626,350>400
17,all,Q>posP90,86248.42701788982,0.0033222591362126247,0.014035087719298246,0.2367109634551495,-0.010712828583085622,350<400
17,heated,Q>0,0.0,0.1,0.1111111111111111,0.9000000000000001,-0.0111111111111111,350<400
17,heated,Q>posP50,37616.63772102781,0.025,0.1111111111111111,0.22500000000000003,-0.08611111111111111,350<400
17,heated,Q>posP75,88642.17397734962,0.0,0.1111111111111111,0.0,-0.1111111111111111,350<400
17,heated,Q>posP90,225862.8370936015,0.0,0.07407407407407407,0.0,-0.07407407407407407,350<400
17,interface,Q>0,0.0,0.1897810218978102,0.046875,4.0486618004866175,0.1429060218978102,350>400
17,interface,Q>posP50,28445.959159816877,0.08759124087591241,0.03125,2.802919708029197,0.05634124087591241,350>400
17,interface,Q>posP75,66051.60991462985,0.021897810218978103,0.03125,0.7007299270072993,-0.009352189781021897,350<400
17,interface,Q>posP90,139508.75787611696,0.0072992700729927005,0.0234375,0.31143552311435524,-0.0161382299270073,350<400
17,interface_heated,Q>0,0.0,0.10810810810810811,0.11538461538461539,0.9369369369369369,-0.007276507276507277,350<400
17,interface_heated,Q>posP50,37616.63772102781,0.02702702702702703,0.11538461538461539,0.23423423423423423,-0.08835758835758836,350<400
17,interface_heated,Q>posP75,88642.17397734962,0.0,0.11538461538461539,0.0,-0.11538461538461539,350<400
17,interface_heated,Q>posP90,225862.8370936015,0.0,0.07692307692307693,0.0,-0.07692307692307693,350<400
18,all,Q>0,0.0,0.15181518151815182,0.07719298245614035,1.9666966696669668,0.07462219906201147,350>400
18,all,Q>posP50,6098.151686937658,0.0858085808580858,0.02456140350877193,3.4936350777934937,0.061247177349313876,350>400
18,all,Q>posP75,32851.87210061941,0.039603960396039604,0.017543859649122806,2.2574257425742577,0.0220601007469168,350>400
18,all,Q>posP90,77001.19385857556,0.006600660066006601,0.010526315789473684,0.6270627062706271,-0.003925655723467083,350<400
18,heated,Q>0,0.0,0.125,0.1111111111111111,1.125,0.013888888888888895,350>400
18,heated,Q>posP50,36155.62300800124,0.025,0.1111111111111111,0.22500000000000003,-0.08611111111111111,350<400
18,heated,Q>posP75,82319.3115940566,0.0,0.1111111111111111,0.0,-0.1111111111111111,350<400
18,heated,Q>posP90,266872.3940528719,0.0,0.07407407407407407,0.0,-0.07407407407407407,350<400
18,interface,Q>0,0.0,0.1897810218978102,0.0390625,4.858394160583941,0.1507185218978102,350>400
18,interface,Q>posP50,23948.783289377887,0.0948905109489051,0.03125,3.0364963503649633,0.0636405109489051,350>400
18,interface,Q>posP75,63290.65229364334,0.0364963503649635,0.0234375,1.557177615571776,0.0130588503649635,350>400
18,interface,Q>posP90,165126.68156279967,0.0072992700729927005,0.0234375,0.31143552311435524,-0.0161382299270073,350<400
18,interface_heated,Q>0,0.0,0.13513513513513514,0.11538461538461539,1.1711711711711712,0.01975051975051975,350>400
18,interface_heated,Q>posP50,36155.62300800124,0.02702702702702703,0.11538461538461539,0.23423423423423423,-0.08835758835758836,350<400
18,interface_heated,Q>posP75,82319.3115940566,0.0,0.11538461538461539,0.0,-0.11538461538461539,350<400
18,interface_heated,Q>posP90,266872.3940528719,0.0,0.07692307692307693,0.0,-0.07692307692307693,350<400
19,all,Q>0,0.0,0.18811881188118812,0.08070175438596491,2.331037451571244,0.1074170574952232,350>400
19,all,Q>posP50,5703.86504066216,0.10561056105610561,0.021052631578947368,5.016501650165017,0.08455792947715825,350>400
19,all,Q>posP75,27169.34842534781,0.0462046204620462,0.010526315789473684,4.3894389438943895,0.03567830467257252,350>400
19,all,Q>posP90,66470.2464159384,0.013201320132013201,0.010526315789473684,1.2541254125412542,0.0026750043425395175,350>400
19,heated,Q>0,0.0,0.125,0.1111111111111111,1.125,0.013888888888888895,350>400
19,heated,Q>posP50,42119.145640778246,0.025,0.1111111111111111,0.22500000000000003,-0.08611111111111111,350<400
19,heated,Q>posP75,83373.40384055773,0.0,0.1111111111111111,0.0,-0.1111111111111111,350<400
19,heated,Q>posP90,215029.93548148498,0.0,0.07407407407407407,0.0,-0.07407407407407407,350<400
19,interface,Q>0,0.0,0.2116788321167883,0.03125,6.773722627737226,0.1804288321167883,350>400
19,interface,Q>posP50,25163.386352105925,0.0948905109489051,0.0234375,4.0486618004866175,0.0714530109489051,350>400
19,interface,Q>posP75,58938.5609583777,0.0364963503649635,0.0234375,1.557177615571776,0.0130588503649635,350>400
19,interface,Q>posP90,186010.55169535012,0.0072992700729927005,0.0234375,0.31143552311435524,-0.0161382299270073,350<400
19,interface_heated,Q>0,0.0,0.13513513513513514,0.11538461538461539,1.1711711711711712,0.01975051975051975,350>400
19,interface_heated,Q>posP50,42119.145640778246,0.02702702702702703,0.11538461538461539,0.23423423423423423,-0.08835758835758836,350<400
19,interface_heated,Q>posP75,83373.40384055773,0.0,0.11538461538461539,0.0,-0.11538461538461539,350<400
19,interface_heated,Q>posP90,215029.93548148498,0.0,0.07692307692307693,0.0,-0.07692307692307693,350<400
20,all,Q>0,0.0,0.20462046204620463,0.07368421052631578,2.7769919849127773,0.13093625151988886,350>400
20,all,Q>posP50,4722.666115984524,0.10561056105610561,0.02456140350877193,4.2998585572843,0.08104915754733369,350>400
20,all,Q>posP75,21826.0664157265,0.056105610561056105,0.007017543859649123,7.995049504950495,0.04908806670140698,350>400
20,all,Q>posP90,55534.142334188655,0.0165016501650165,0.007017543859649123,2.3514851485148514,0.009484106305367376,350>400
20,heated,Q>0,0.0,0.125,0.07407407407407407,1.6875,0.05092592592592593,350>400
20,heated,Q>posP50,34666.187290109665,0.025,0.07407407407407407,0.3375,-0.04907407407407407,350<400
20,heated,Q>posP75,86696.56819821446,0.0,0.07407407407407407,0.0,-0.07407407407407407,350<400
20,heated,Q>posP90,219968.95619107917,0.0,0.07407407407407407,0.0,-0.07407407407407407,350<400
20,interface,Q>0,0.0,0.2116788321167883,0.0234375,9.031630170316301,0.1882413321167883,350>400
20,interface,Q>posP50,21826.0664157265,0.10218978102189781,0.015625,6.54014598540146,0.08656478102189781,350>400
20,interface,Q>posP75,61991.85056747777,0.029197080291970802,0.015625,1.8686131386861313,0.013572080291970802,350>400
20,interface,Q>posP90,141376.1887086212,0.0072992700729927005,0.015625,0.46715328467153283,-0.0083257299270073,350<400
20,interface_heated,Q>0,0.0,0.13513513513513514,0.07692307692307693,1.7567567567567568,0.058212058212058215,350>400
20,interface_heated,Q>posP50,34666.187290109665,0.02702702702702703,0.07692307692307693,0.35135135135135137,-0.0498960498960499,350<400
20,interface_heated,Q>posP75,86696.56819821446,0.0,0.07692307692307693,0.0,-0.07692307692307693,350<400
20,interface_heated,Q>posP90,219968.95619107917,0.0,0.07692307692307693,0.0,-0.07692307692307693,350<400
21,all,Q>0,0.0,0.18032786885245902,0.07719298245614035,2.3360655737704916,0.10313488639631867,350>400
21,all,Q>posP50,5384.962375107803,0.10491803278688525,0.021052631578947368,4.983606557377049,0.08386540120793788,350>400
21,all,Q>posP75,19397.98066738684,0.06885245901639345,0.007017543859649123,9.811475409836065,0.06183491515674432,350>400
21,all,Q>posP90,56577.46815137005,0.01639344262295082,0.007017543859649123,2.336065573770492,0.009375898763301697,350>400
21,heated,Q>0,0.0,0.075,0.07407407407407407,1.0125,0.0009259259259259273,350>400
21,heated,Q>posP50,51518.22497024479,0.025,0.07407407407407407,0.3375,-0.04907407407407407,350<400
21,heated,Q>posP75,88021.8133368858,0.0,0.07407407407407407,0.0,-0.07407407407407407,350<400
21,heated,Q>posP90,198784.94389502925,0.0,0.07407407407407407,0.0,-0.07407407407407407,350<400
21,interface,Q>0,0.0,0.18248175182481752,0.0390625,4.671532846715328,0.14341925182481752,350>400
21,interface,Q>posP50,22348.565264504618,0.0948905109489051,0.015625,6.072992700729927,0.0792655109489051,350>400
21,interface,Q>posP75,59407.09808734009,0.029197080291970802,0.015625,1.8686131386861313,0.013572080291970802,350>400
21,interface,Q>posP90,119819.71637843607,0.014598540145985401,0.015625,0.9343065693430657,-0.001026459854014599,350<400
21,interface_heated,Q>0,0.0,0.08108108108108109,0.07692307692307693,1.054054054054054,0.004158004158004158,350>400
21,interface_heated,Q>posP50,51518.22497024479,0.02702702702702703,0.07692307692307693,0.35135135135135137,-0.0498960498960499,350<400
21,interface_heated,Q>posP75,88021.8133368858,0.0,0.07692307692307693,0.0,-0.07692307692307693,350<400
21,interface_heated,Q>posP90,198784.94389502925,0.0,0.07692307692307693,0.0,-0.07692307692307693,350<400
22,all,Q>0,0.0,0.1901639344262295,0.07719298245614035,2.463487332339791,0.11297095197008915,350>400
22,all,Q>posP50,5014.967434238177,0.09836065573770492,0.02456140350877193,4.004683840749414,0.073799252228933,350>400
22,all,Q>posP75,19360.033676679624,0.06229508196721312,0.007017543859649123,8.87704918032787,0.055277538107563993,350>400
22,all,Q>posP90,50822.5749655436,0.01639344262295082,0.007017543859649123,2.336065573770492,0.009375898763301697,350>400
22,heated,Q>0,0.0,0.075,0.07407407407407407,1.0125,0.0009259259259259273,350>400
22,heated,Q>posP50,38183.089796700995,0.025,0.07407407407407407,0.3375,-0.04907407407407407,350<400
22,heated,Q>posP75,63668.0498272191,0.0,0.07407407407407407,0.0,-0.07407407407407407,350<400
22,heated,Q>posP90,121566.2845950111,0.0,0.07407407407407407,0.0,-0.07407407407407407,350<400
22,interface,Q>0,0.0,0.1897810218978102,0.03125,6.072992700729927,0.1585310218978102,350>400
22,interface,Q>posP50,21622.186758757904,0.0948905109489051,0.015625,6.072992700729927,0.0792655109489051,350>400
22,interface,Q>posP75,46159.90702314568,0.0364963503649635,0.015625,2.335766423357664,0.0208713503649635,350>400
22,interface,Q>posP90,96759.77386711941,0.014598540145985401,0.015625,0.9343065693430657,-0.001026459854014599,350<400
22,interface_heated,Q>0,0.0,0.08108108108108109,0.07692307692307693,1.054054054054054,0.004158004158004158,350>400
22,interface_heated,Q>posP50,38183.089796700995,0.02702702702702703,0.07692307692307693,0.35135135135135137,-0.0498960498960499,350<400
22,interface_heated,Q>posP75,63668.0498272191,0.0,0.07692307692307693,0.0,-0.07692307692307693,350<400
22,interface_heated,Q>posP90,121566.2845950111,0.0,0.07692307692307693,0.0,-0.07692307692307693,350<400
23,all,Q>0,0.0,0.18360655737704917,0.10175438596491228,1.8044092707744488,0.0818521714121369,350>400
23,all,Q>posP50,4127.131365902824,0.10163934426229508,0.02456140350877193,4.138173302107728,0.07707794075352314,350>400
23,all,Q>posP75,17723.171406334724,0.06229508196721312,0.007017543859649123,8.87704918032787,0.055277538107563993,350>400
23,all,Q>posP90,46477.48663443492,0.01639344262295082,0.007017543859649123,2.336065573770492,0.009375898763301697,350>400
23,heated,Q>0,0.0,0.075,0.07407407407407407,1.0125,0.0009259259259259273,350>400
23,heated,Q>posP50,34215.14397816927,0.025,0.07407407407407407,0.3375,-0.04907407407407407,350<400
23,heated,Q>posP75,56434.446800651735,0.0,0.07407407407407407,0.0,-0.07407407407407407,350<400
23,heated,Q>posP90,133100.506742797,0.0,0.07407407407407407,0.0,-0.07407407407407407,350<400
23,interface,Q>0,0.0,0.17518248175182483,0.03125,5.605839416058394,0.14393248175182483,350>400
23,interface,Q>posP50,23494.331749625257,0.08759124087591241,0.015625,5.605839416058394,0.07196624087591241,350>400
23,interface,Q>posP75,49636.96250658142,0.0364963503649635,0.015625,2.335766423357664,0.0208713503649635,350>400
23,interface,Q>posP90,91344.24969755803,0.014598540145985401,0.015625,0.9343065693430657,-0.001026459854014599,350<400
23,interface_heated,Q>0,0.0,0.08108108108108109,0.07692307692307693,1.054054054054054,0.004158004158004158,350>400
23,interface_heated,Q>posP50,34215.14397816927,0.02702702702702703,0.07692307692307693,0.35135135135135137,-0.0498960498960499,350<400
23,interface_heated,Q>posP75,56434.446800651735,0.0,0.07692307692307693,0.0,-0.07692307692307693,350<400
23,interface_heated,Q>posP90,133100.506742797,0.0,0.07692307692307693,0.0,-0.07692307692307693,350<400
24,all,Q>0,0.0,0.2,0.09473684210526316,2.111111111111111,0.10526315789473685,350>400
24,all,Q>posP50,4747.571523124625,0.11475409836065574,0.021052631578947368,5.450819672131148,0.09370146678170838,350>400
24,all,Q>posP75,17372.15397321641,0.06557377049180328,0.007017543859649123,9.344262295081968,0.05855622663215416,350>400
24,all,Q>posP90,42136.61698729996,0.022950819672131147,0.007017543859649123,3.2704918032786883,0.015933275812482023,350>400
24,heated,Q>0,0.0,0.1,0.07407407407407407,1.35,0.025925925925925936,350>400
24,heated,Q>posP50,33883.642051900424,0.05,0.07407407407407407,0.675,-0.024074074074074067,350<400
24,heated,Q>posP75,42601.89683310494,0.0,0.07407407407407407,0.0,-0.07407407407407407,350<400
24,heated,Q>posP90,158884.37304961498,0.0,0.07407407407407407,0.0,-0.07407407407407407,350<400
24,interface,Q>0,0.0,0.18248175182481752,0.03125,5.839416058394161,0.15123175182481752,350>400
24,interface,Q>posP50,21395.551275553014,0.08759124087591241,0.015625,5.605839416058394,0.07196624087591241,350>400
24,interface,Q>posP75,40944.98771615494,0.0364963503649635,0.015625,2.335766423357664,0.0208713503649635,350>400
24,interface,Q>posP90,110270.89155053566,0.014598540145985401,0.015625,0.9343065693430657,-0.001026459854014599,350<400
24,interface_heated,Q>0,0.0,0.10810810810810811,0.07692307692307693,1.4054054054054055,0.031185031185031187,350>400
24,interface_heated,Q>posP50,33883.642051900424,0.05405405405405406,0.07692307692307693,0.7027027027027027,-0.02286902286902287,350<400
24,interface_heated,Q>posP75,42601.89683310494,0.0,0.07692307692307693,0.0,-0.07692307692307693,350<400
24,interface_heated,Q>posP90,158884.37304961498,0.0,0.07692307692307693,0.0,-0.07692307692307693,350<400
25,all,Q>0,0.0,0.19344262295081968,0.09824561403508772,1.968969555035129,0.09519700891573196,350>400
25,all,Q>posP50,3841.8023297853515,0.1180327868852459,0.031578947368421054,3.737704918032787,0.08645383951682485,350>400
25,all,Q>posP75,15806.670965662124,0.07868852459016394,0.007017543859649123,11.213114754098362,0.07167098073051482,350>400
25,all,Q>posP90,50618.019143289785,0.019672131147540985,0.007017543859649123,2.8032786885245904,0.012654587287891862,350>400
25,heated,Q>0,0.0,0.1,0.07407407407407407,1.35,0.025925925925925936,350>400
25,heated,Q>posP50,24142.807921110216,0.05,0.07407407407407407,0.675,-0.024074074074074067,350<400
25,heated,Q>posP75,53024.04605423825,0.0,0.07407407407407407,0.0,-0.07407407407407407,350<400
25,heated,Q>posP90,137561.98153167404,0.0,0.037037037037037035,0.0,-0.037037037037037035,350<400
25,interface,Q>0,0.0,0.1897810218978102,0.0390625,4.858394160583941,0.1507185218978102,350>400
25,interface,Q>posP50,18963.4238938942,0.10218978102189781,0.015625,6.54014598540146,0.08656478102189781,350>400
25,interface,Q>posP75,51341.367230647054,0.0364963503649635,0.015625,2.335766423357664,0.0208713503649635,350>400
25,interface,Q>posP90,103787.15498344883,0.014598540145985401,0.015625,0.9343065693430657,-0.001026459854014599,350<400
25,interface_heated,Q>0,0.0,0.10810810810810811,0.07692307692307693,1.4054054054054055,0.031185031185031187,350>400
25,interface_heated,Q>posP50,24142.807921110216,0.05405405405405406,0.07692307692307693,0.7027027027027027,-0.02286902286902287,350<400
25,interface_heated,Q>posP75,53024.04605423825,0.0,0.07692307692307693,0.0,-0.07692307692307693,350<400
25,interface_heated,Q>posP90,137561.98153167404,0.0,0.038461538461538464,0.0,-0.038461538461538464,350<400
26,all,Q>0,0.0,0.18688524590163935,0.10526315789473684,1.775409836065574,0.08162208800690252,350>400
26,all,Q>posP50,3584.3027191325646,0.12786885245901639,0.028070175438596492,4.5553278688524586,0.09979867702041989,350>400
26,all,Q>posP75,18156.944522674163,0.06557377049180328,0.010526315789473684,6.229508196721312,0.0550474547023296,350>400
26,all,Q>posP90,51380.876269194036,0.022950819672131147,0.007017543859649123,3.2704918032786883,0.015933275812482023,350>400
26,heated,Q>0,0.0,0.1,0.1111111111111111,0.9000000000000001,-0.0111111111111111,350<400
26,heated,Q>posP50,32548.038858348722,0.05,0.07407407407407407,0.675,-0.024074074074074067,350<400
26,heated,Q>posP75,66961.84234120711,0.0,0.07407407407407407,0.0,-0.07407407407407407,350<400
26,heated,Q>posP90,182702.82750257765,0.0,0.07407407407407407,0.0,-0.07407407407407407,350<400
26,interface,Q>0,0.0,0.1678832116788321,0.046875,3.581508515815085,0.1210082116788321,350>400
26,interface,Q>posP50,23512.079200062493,0.08029197080291971,0.0234375,3.4257907542579074,0.05685447080291971,350>400
26,interface,Q>posP75,50554.68674711612,0.0364963503649635,0.015625,2.335766423357664,0.0208713503649635,350>400
26,interface,Q>posP90,96646.25453914676,0.014598540145985401,0.015625,0.9343065693430657,-0.001026459854014599,350<400
26,interface_heated,Q>0,0.0,0.10810810810810811,0.11538461538461539,0.9369369369369369,-0.007276507276507277,350<400
26,interface_heated,Q>posP50,32548.038858348722,0.05405405405405406,0.07692307692307693,0.7027027027027027,-0.02286902286902287,350<400
26,interface_heated,Q>posP75,66961.84234120711,0.0,0.07692307692307693,0.0,-0.07692307692307693,350<400
26,interface_heated,Q>posP90,182702.82750257765,0.0,0.07692307692307693,0.0,-0.07692307692307693,350<400
27,all,Q>0,0.0,0.18360655737704917,0.09824561403508772,1.8688524590163933,0.08536094334196145,350>400
27,all,Q>posP50,4121.1945564126945,0.12459016393442623,0.02456140350877193,5.072599531615925,0.10002876042565431,350>400
27,all,Q>posP75,20371.315515284987,0.06229508196721312,0.010526315789473684,5.918032786885246,0.051768766177739435,350>400
27,all,Q>posP90,53356.81291670771,0.01639344262295082,0.007017543859649123,2.336065573770492,0.009375898763301697,350>400
27,heated,Q>0,0.0,0.1,0.1111111111111111,0.9000000000000001,-0.0111111111111111,350<400
27,heated,Q>posP50,29155.45049804834,0.05,0.1111111111111111,0.45000000000000007,-0.0611111111111111,350<400
27,heated,Q>posP75,64104.77892539935,0.0,0.07407407407407407,0.0,-0.07407407407407407,350<400
27,heated,Q>posP90,117990.05350517458,0.0,0.07407407407407407,0.0,-0.07407407407407407,350<400
27,interface,Q>0,0.0,0.16058394160583941,0.046875,3.4257907542579074,0.11370894160583941,350>400
27,interface,Q>posP50,20872.604551443226,0.08759124087591241,0.0234375,3.737226277372263,0.06415374087591241,350>400
27,interface,Q>posP75,52395.91884199134,0.0364963503649635,0.015625,2.335766423357664,0.0208713503649635,350>400
27,interface,Q>posP90,97447.71620821684,0.014598540145985401,0.015625,0.9343065693430657,-0.001026459854014599,350<400
27,interface_heated,Q>0,0.0,0.10810810810810811,0.11538461538461539,0.9369369369369369,-0.007276507276507277,350<400
27,interface_heated,Q>posP50,29155.45049804834,0.05405405405405406,0.11538461538461539,0.46846846846846846,-0.061330561330561334,350<400
27,interface_heated,Q>posP75,64104.77892539935,0.0,0.07692307692307693,0.0,-0.07692307692307693,350<400
27,interface_heated,Q>posP90,117990.05350517458,0.0,0.07692307692307693,0.0,-0.07692307692307693,350<400
28,all,Q>0,0.0,0.18032786885245902,0.09473684210526316,1.9034608378870674,0.08559102674719586,350>400
28,all,Q>posP50,3702.3918390111066,0.11475409836065574,0.028070175438596492,4.088114754098361,0.08668392292205924,350>400
28,all,Q>posP75,19717.669092547967,0.06557377049180328,0.007017543859649123,9.344262295081968,0.05855622663215416,350>400
28,all,Q>posP90,50384.76440773055,0.01639344262295082,0.007017543859649123,2.336065573770492,0.009375898763301697,350>400
28,heated,Q>0,0.0,0.1,0.1111111111111111,0.9000000000000001,-0.0111111111111111,350<400
28,heated,Q>posP50,36111.8299521202,0.05,0.07407407407407407,0.675,-0.024074074074074067,350<400
28,heated,Q>posP75,51613.26528351753,0.025,0.07407407407407407,0.3375,-0.04907407407407407,350<400
28,heated,Q>posP90,158890.83341873216,0.0,0.07407407407407407,0.0,-0.07407407407407407,350<400
28,interface,Q>0,0.0,0.16058394160583941,0.0546875,2.9363920750782064,0.10589644160583941,350>400
28,interface,Q>posP50,21226.98436974513,0.08759124087591241,0.015625,5.605839416058394,0.07196624087591241,350>400
28,interface,Q>posP75,48132.63816983758,0.0364963503649635,0.015625,2.335766423357664,0.0208713503649635,350>400
28,interface,Q>posP90,97202.20578924354,0.014598540145985401,0.015625,0.9343065693430657,-0.001026459854014599,350<400
28,interface_heated,Q>0,0.0,0.10810810810810811,0.11538461538461539,0.9369369369369369,-0.007276507276507277,350<400
28,interface_heated,Q>posP50,36111.8299521202,0.05405405405405406,0.07692307692307693,0.7027027027027027,-0.02286902286902287,350<400
28,interface_heated,Q>posP75,51613.26528351753,0.02702702702702703,0.07692307692307693,0.35135135135135137,-0.0498960498960499,350<400
28,interface_heated,Q>posP90,158890.83341873216,0.0,0.07692307692307693,0.0,-0.07692307692307693,350<400
29,all,Q>0,0.0,0.18688524590163935,0.0912280701754386,2.048549810844893,0.09565717572620075,350>400
29,all,Q>posP50,4201.652191484012,0.13442622950819672,0.02456140350877193,5.473067915690867,0.10986482599942479,350>400
29,all,Q>posP75,20311.50370325742,0.06885245901639345,0.007017543859649123,9.811475409836065,0.06183491515674432,350>400
29,all,Q>posP90,52532.085642948216,0.019672131147540985,0.007017543859649123,2.8032786885245904,0.012654587287891862,350>400
29,heated,Q>0,0.0,0.125,0.07407407407407407,1.6875,0.05092592592592593,350>400
29,heated,Q>posP50,26173.51952572146,0.05,0.07407407407407407,0.675,-0.024074074074074067,350<400
29,heated,Q>posP75,57371.01147151906,0.025,0.07407407407407407,0.3375,-0.04907407407407407,350<400
29,heated,Q>posP90,120835.33721960992,0.0,0.07407407407407407,0.0,-0.07407407407407407,350<400
29,interface,Q>0,0.0,0.17518248175182483,0.0390625,4.484671532846716,0.13611998175182483,350>400
29,interface,Q>posP50,21699.152471360518,0.08759124087591241,0.015625,5.605839416058394,0.07196624087591241,350>400
29,interface,Q>posP75,51818.24707061889,0.043795620437956206,0.015625,2.802919708029197,0.028170620437956206,350>400
29,interface,Q>posP90,103295.29822561983,0.014598540145985401,0.015625,0.9343065693430657,-0.001026459854014599,350<400
29,interface_heated,Q>0,0.0,0.13513513513513514,0.07692307692307693,1.7567567567567568,0.058212058212058215,350>400
29,interface_heated,Q>posP50,26173.51952572146,0.05405405405405406,0.07692307692307693,0.7027027027027027,-0.02286902286902287,350<400
29,interface_heated,Q>posP75,57371.01147151906,0.02702702702702703,0.07692307692307693,0.35135135135135137,-0.0498960498960499,350<400
29,interface_heated,Q>posP90,120835.33721960992,0.0,0.07692307692307693,0.0,-0.07692307692307693,350<400
30,all,Q>0,0.0,0.18688524590163935,0.0912280701754386,2.048549810844893,0.09565717572620075,350>400
30,all,Q>posP50,4893.292417229295,0.13114754098360656,0.021052631578947368,6.229508196721312,0.1100949094046592,350>400
30,all,Q>posP75,22120.237433604685,0.05573770491803279,0.007017543859649123,7.942622950819672,0.048720161058383664,350>400
30,all,Q>posP90,55664.72297875899,0.019672131147540985,0.007017543859649123,2.8032786885245904,0.012654587287891862,350>400
30,heated,Q>0,0.0,0.125,0.07407407407407407,1.6875,0.05092592592592593,350>400
30,heated,Q>posP50,27206.05163882734,0.05,0.07407407407407407,0.675,-0.024074074074074067,350<400
30,heated,Q>posP75,59957.90729455655,0.025,0.07407407407407407,0.3375,-0.04907407407407407,350<400
30,heated,Q>posP90,142504.85600099948,0.0,0.07407407407407407,0.0,-0.07407407407407407,350<400
30,interface,Q>0,0.0,0.1678832116788321,0.046875,3.581508515815085,0.1210082116788321,350>400
30,interface,Q>posP50,25125.421491684952,0.08029197080291971,0.015625,5.138686131386861,0.06466697080291971,350>400
30,interface,Q>posP75,58483.370074610306,0.043795620437956206,0.015625,2.802919708029197,0.028170620437956206,350>400
30,interface,Q>posP90,130829.94333285416,0.021897810218978103,0.015625,1.4014598540145986,0.006272810218978103,350>400
30,interface_heated,Q>0,0.0,0.13513513513513514,0.07692307692307693,1.7567567567567568,0.058212058212058215,350>400
30,interface_heated,Q>posP50,27206.05163882734,0.05405405405405406,0.07692307692307693,0.7027027027027027,-0.02286902286902287,350<400
30,interface_heated,Q>posP75,59957.90729455655,0.02702702702702703,0.07692307692307693,0.35135135135135137,-0.0498960498960499,350<400
30,interface_heated,Q>posP90,142504.85600099948,0.0,0.07692307692307693,0.0,-0.07692307692307693,350<400
31,all,Q>0,0.0,0.18688524590163935,0.09473684210526316,1.9726775956284153,0.09214840379637619,350>400
31,all,Q>posP50,4838.120140922139,0.13114754098360656,0.02456140350877193,5.339578454332553,0.10658613747483464,350>400
31,all,Q>posP75,22165.120398582658,0.05573770491803279,0.007017543859649123,7.942622950819672,0.048720161058383664,350>400
31,all,Q>posP90,50111.8294879485,0.01639344262295082,0.007017543859649123,2.336065573770492,0.009375898763301697,350>400
31,heated,Q>0,0.0,0.1,0.07407407407407407,1.35,0.025925925925925936,350>400
31,heated,Q>posP50,27805.69316292037,0.05,0.07407407407407407,0.675,-0.024074074074074067,350<400
31,heated,Q>posP75,57452.954929334126,0.0,0.07407407407407407,0.0,-0.07407407407407407,350<400
31,heated,Q>posP90,108991.3196335095,0.0,0.07407407407407407,0.0,-0.07407407407407407,350<400
31,interface,Q>0,0.0,0.145985401459854,0.0625,2.335766423357664,0.083485401459854,350>400
31,interface,Q>posP50,26538.89877850606,0.072992700729927,0.015625,4.671532846715328,0.057367700729927,350>400
31,interface,Q>posP75,48041.63585974737,0.0364963503649635,0.015625,2.335766423357664,0.0208713503649635,350>400
31,interface,Q>posP90,109390.95234218602,0.014598540145985401,0.015625,0.9343065693430657,-0.001026459854014599,350<400
31,interface_heated,Q>0,0.0,0.10810810810810811,0.07692307692307693,1.4054054054054055,0.031185031185031187,350>400
31,interface_heated,Q>posP50,27805.69316292037,0.05405405405405406,0.07692307692307693,0.7027027027027027,-0.02286902286902287,350<400
31,interface_heated,Q>posP75,57452.954929334126,0.0,0.07692307692307693,0.0,-0.07692307692307693,350<400
31,interface_heated,Q>posP90,108991.3196335095,0.0,0.07692307692307693,0.0,-0.07692307692307693,350<400
32,all,Q>0,0.0,0.17704918032786884,0.10175438596491228,1.7399660825325043,0.07529479436295657,350>400
32,all,Q>posP50,4535.549096425917,0.13442622950819672,0.017543859649122806,7.662295081967213,0.11688236985907391,350>400
32,all,Q>posP75,23054.737512330372,0.05901639344262295,0.007017543859649123,8.40983606557377,0.05199884958297383,350>400
32,all,Q>posP90,51778.02182367344,0.01639344262295082,0.007017543859649123,2.336065573770492,0.009375898763301697,350>400
32,heated,Q>0,0.0,0.1,0.07407407407407407,1.35,0.025925925925925936,350>400
32,heated,Q>posP50,29521.988430074427,0.05,0.07407407407407407,0.675,-0.024074074074074067,350<400
32,heated,Q>posP75,49212.01258362349,0.025,0.07407407407407407,0.3375,-0.04907407407407407,350<400
32,heated,Q>posP90,71587.73328486626,0.0,0.07407407407407407,0.0,-0.07407407407407407,350<400
32,interface,Q>0,0.0,0.145985401459854,0.0546875,2.6694473409801875,0.091297901459854,350>400
32,interface,Q>posP50,25249.569249024535,0.08029197080291971,0.015625,5.138686131386861,0.06466697080291971,350>400
32,interface,Q>posP75,48530.58286791095,0.043795620437956206,0.015625,2.802919708029197,0.028170620437956206,350>400
32,interface,Q>posP90,105347.12543980154,0.014598540145985401,0.015625,0.9343065693430657,-0.001026459854014599,350<400
32,interface_heated,Q>0,0.0,0.10810810810810811,0.07692307692307693,1.4054054054054055,0.031185031185031187,350>400
32,interface_heated,Q>posP50,29521.988430074427,0.05405405405405406,0.07692307692307693,0.7027027027027027,-0.02286902286902287,350<400
32,interface_heated,Q>posP75,49212.01258362349,0.02702702702702703,0.07692307692307693,0.35135135135135137,-0.0498960498960499,350<400
32,interface_heated,Q>posP90,71587.73328486626,0.0,0.07692307692307693,0.0,-0.07692307692307693,350<400
33,all,Q>0,0.0,0.19344262295081968,0.10877192982456141,1.7784241142252777,0.08467069312625827,350>400
33,all,Q>posP50,4943.665770165695,0.1377049180327869,0.021052631578947368,6.540983606557377,0.11665228645383953,350>400
33,all,Q>posP75,19642.598109361727,0.05245901639344262,0.007017543859649123,7.475409836065573,0.0454414725337935,350>400
33,all,Q>posP90,48695.664124252864,0.01639344262295082,0.007017543859649123,2.336065573770492,0.009375898763301697,350>400
33,heated,Q>0,0.0,0.1,0.07407407407407407,1.35,0.025925925925925936,350>400
33,heated,Q>posP50,26381.914270988047,0.075,0.07407407407407407,1.0125,0.0009259259259259273,350>400
33,heated,Q>posP75,50899.1360653733,0.0,0.07407407407407407,0.0,-0.07407407407407407,350<400
33,heated,Q>posP90,80466.94311623795,0.0,0.07407407407407407,0.0,-0.07407407407407407,350<400
33,interface,Q>0,0.0,0.16058394160583941,0.0546875,2.9363920750782064,0.10589644160583941,350>400
33,interface,Q>posP50,23291.836570723295,0.08029197080291971,0.015625,5.138686131386861,0.06466697080291971,350>400
33,interface,Q>posP75,45561.64075217239,0.043795620437956206,0.015625,2.802919708029197,0.028170620437956206,350>400
33,interface,Q>posP90,83660.13167340659,0.014598540145985401,0.015625,0.9343065693430657,-0.001026459854014599,350<400
33,interface_heated,Q>0,0.0,0.10810810810810811,0.07692307692307693,1.4054054054054055,0.031185031185031187,350>400
33,interface_heated,Q>posP50,26381.914270988047,0.08108108108108109,0.07692307692307693,1.054054054054054,0.004158004158004158,350>400
33,interface_heated,Q>posP75,50899.1360653733,0.0,0.07692307692307693,0.0,-0.07692307692307693,350<400
33,interface_heated,Q>posP90,80466.94311623795,0.0,0.07692307692307693,0.0,-0.07692307692307693,350<400
34,all,Q>0,0.0,0.19344262295081968,0.10877192982456141,1.7784241142252777,0.08467069312625827,350>400
34,all,Q>posP50,4909.088678758818,0.13442622950819672,0.03508771929824561,3.8311475409836064,0.0993385102099511,350>400
34,all,Q>posP75,17486.70395246066,0.05245901639344262,0.007017543859649123,7.475409836065573,0.0454414725337935,350>400
34,all,Q>posP90,38666.67158892745,0.019672131147540985,0.007017543859649123,2.8032786885245904,0.012654587287891862,350>400
34,heated,Q>0,0.0,0.1,0.07407407407407407,1.35,0.025925925925925936,350>400
34,heated,Q>posP50,31202.164777223574,0.025,0.07407407407407407,0.3375,-0.04907407407407407,350<400
34,heated,Q>posP75,44130.949265173535,0.025,0.07407407407407407,0.3375,-0.04907407407407407,350<400
34,heated,Q>posP90,67827.87015334133,0.0,0.07407407407407407,0.0,-0.07407407407407407,350<400
34,interface,Q>0,0.0,0.1678832116788321,0.046875,3.581508515815085,0.1210082116788321,350>400
34,interface,Q>posP50,24628.698115421783,0.072992700729927,0.015625,4.671532846715328,0.057367700729927,350>400
34,interface,Q>posP75,41056.941305966,0.043795620437956206,0.015625,2.802919708029197,0.028170620437956206,350>400
34,interface,Q>posP90,73186.8201314807,0.014598540145985401,0.0078125,1.8686131386861313,0.006786040145985401,350>400
34,interface_heated,Q>0,0.0,0.10810810810810811,0.07692307692307693,1.4054054054054055,0.031185031185031187,350>400
34,interface_heated,Q>posP50,31202.164777223574,0.02702702702702703,0.07692307692307693,0.35135135135135137,-0.0498960498960499,350<400
34,interface_heated,Q>posP75,44130.949265173535,0.02702702702702703,0.07692307692307693,0.35135135135135137,-0.0498960498960499,350<400
34,interface_heated,Q>posP90,67827.87015334133,0.0,0.07692307692307693,0.0,-0.07692307692307693,350<400
35,all,Q>0,0.0,0.19344262295081968,0.10877192982456141,1.7784241142252777,0.08467069312625827,350>400
35,all,Q>posP50,4973.189499517466,0.12786885245901639,0.028070175438596492,4.5553278688524586,0.09979867702041989,350>400
35,all,Q>posP75,16311.904975760754,0.05901639344262295,0.010526315789473684,5.606557377049181,0.04849007765314927,350>400
35,all,Q>posP90,39771.603867987986,0.019672131147540985,0.007017543859649123,2.8032786885245904,0.012654587287891862,350>400
35,heated,Q>0,0.0,0.125,0.07407407407407407,1.6875,0.05092592592592593,350>400
35,heated,Q>posP50,27464.0828968643,0.05,0.07407407407407407,0.675,-0.024074074074074067,350<400
35,heated,Q>posP75,41950.63473863572,0.025,0.07407407407407407,0.3375,-0.04907407407407407,350<400
35,heated,Q>posP90,71930.58650018946,0.0,0.07407407407407407,0.0,-0.07407407407407407,350<400
35,interface,Q>0,0.0,0.17518248175182483,0.0546875,3.2033368091762253,0.12049498175182483,350>400
35,interface,Q>posP50,23517.162298500887,0.08029197080291971,0.015625,5.138686131386861,0.06466697080291971,350>400
35,interface,Q>posP75,38328.048189336856,0.043795620437956206,0.015625,2.802919708029197,0.028170620437956206,350>400
35,interface,Q>posP90,74428.77779007162,0.014598540145985401,0.015625,0.9343065693430657,-0.001026459854014599,350<400
35,interface_heated,Q>0,0.0,0.13513513513513514,0.07692307692307693,1.7567567567567568,0.058212058212058215,350>400
35,interface_heated,Q>posP50,27464.0828968643,0.05405405405405406,0.07692307692307693,0.7027027027027027,-0.02286902286902287,350<400
35,interface_heated,Q>posP75,41950.63473863572,0.02702702702702703,0.07692307692307693,0.35135135135135137,-0.0498960498960499,350<400
35,interface_heated,Q>posP90,71930.58650018946,0.0,0.07692307692307693,0.0,-0.07692307692307693,350<400
36,all,Q>0,0.0,0.1901639344262295,0.08771929824561403,2.1678688524590166,0.10244463618061547,350>400
36,all,Q>posP50,5304.872035949231,0.12131147540983607,0.028070175438596492,4.32172131147541,0.09324129997123957,350>400
36,all,Q>posP75,17463.584158071484,0.05573770491803279,0.007017543859649123,7.942622950819672,0.048720161058383664,350>400
36,all,Q>posP90,41846.57064925556,0.01639344262295082,0.007017543859649123,2.336065573770492,0.009375898763301697,350>400
36,heated,Q>0,0.0,0.125,0.07407407407407407,1.6875,0.05092592592592593,350>400
36,heated,Q>posP50,23134.281239941716,0.05,0.07407407407407407,0.675,-0.024074074074074067,350<400
36,heated,Q>posP75,38410.788991328125,0.025,0.07407407407407407,0.3375,-0.04907407407407407,350<400
36,heated,Q>posP90,70122.63076966393,0.0,0.07407407407407407,0.0,-0.07407407407407407,350<400
36,interface,Q>0,0.0,0.17518248175182483,0.046875,3.737226277372263,0.12830748175182483,350>400
36,interface,Q>posP50,22698.03470868362,0.072992700729927,0.015625,4.671532846715328,0.057367700729927,350>400
36,interface,Q>posP75,41076.88714096642,0.0364963503649635,0.015625,2.335766423357664,0.0208713503649635,350>400
36,interface,Q>posP90,75117.74148867748,0.014598540145985401,0.015625,0.9343065693430657,-0.001026459854014599,350<400
36,interface_heated,Q>0,0.0,0.13513513513513514,0.07692307692307693,1.7567567567567568,0.058212058212058215,350>400
36,interface_heated,Q>posP50,23134.281239941716,0.05405405405405406,0.07692307692307693,0.7027027027027027,-0.02286902286902287,350<400
36,interface_heated,Q>posP75,38410.788991328125,0.02702702702702703,0.07692307692307693,0.35135135135135137,-0.0498960498960499,350<400
36,interface_heated,Q>posP90,70122.63076966393,0.0,0.07692307692307693,0.0,-0.07692307692307693,350<400
37,all,Q>0,0.0,0.18360655737704917,0.08421052631578947,2.180327868852459,0.0993960310612597,350>400
37,all,Q>posP50,4646.3143049607625,0.12459016393442623,0.031578947368421054,3.9453551912568305,0.09301121656600518,350>400
37,all,Q>posP75,15652.237344164043,0.05573770491803279,0.014035087719298246,3.971311475409836,0.04170261719873454,350>400
37,all,Q>posP90,38751.92332968876,0.01639344262295082,0.007017543859649123,2.336065573770492,0.009375898763301697,350>400
37,heated,Q>0,0.0,0.125,0.07407407407407407,1.6875,0.05092592592592593,350>400
37,heated,Q>posP50,21064.026957655304,0.075,0.07407407407407407,1.0125,0.0009259259259259273,350>400
37,heated,Q>posP75,36115.858054060925,0.025,0.07407407407407407,0.3375,-0.04907407407407407,350<400
37,heated,Q>posP90,52621.69959253882,0.0,0.07407407407407407,0.0,-0.07407407407407407,350<400
37,interface,Q>0,0.0,0.1678832116788321,0.046875,3.581508515815085,0.1210082116788321,350>400
37,interface,Q>posP50,21064.026957655304,0.08029197080291971,0.015625,5.138686131386861,0.06466697080291971,350>400
37,interface,Q>posP75,38517.63619290042,0.0364963503649635,0.015625,2.335766423357664,0.0208713503649635,350>400
37,interface,Q>posP90,67225.27285523812,0.021897810218978103,0.015625,1.4014598540145986,0.006272810218978103,350>400
37,interface_heated,Q>0,0.0,0.13513513513513514,0.07692307692307693,1.7567567567567568,0.058212058212058215,350>400
37,interface_heated,Q>posP50,21064.026957655304,0.08108108108108109,0.07692307692307693,1.054054054054054,0.004158004158004158,350>400
37,interface_heated,Q>posP75,36115.858054060925,0.02702702702702703,0.07692307692307693,0.35135135135135137,-0.0498960498960499,350<400
37,interface_heated,Q>posP90,52621.69959253882,0.0,0.07692307692307693,0.0,-0.07692307692307693,350<400
38,all,Q>0,0.0,0.16721311475409836,0.09473684210526316,1.7650273224043715,0.0724762726488352,350>400
38,all,Q>posP50,4348.937655320584,0.11147540983606558,0.031578947368421054,3.530054644808743,0.07989646246764452,350>400
38,all,Q>posP75,14547.158335360953,0.04918032786885246,0.014035087719298246,3.5040983606557377,0.03514524014955421,350>400
38,all,Q>posP90,37150.62654822174,0.01639344262295082,0.007017543859649123,2.336065573770492,0.009375898763301697,350>400
38,heated,Q>0,0.0,0.1,0.07407407407407407,1.35,0.025925925925925936,350>400
38,heated,Q>posP50,23336.407721744672,0.05,0.07407407407407407,0.675,-0.024074074074074067,350<400
38,heated,Q>posP75,37508.131092051524,0.025,0.07407407407407407,0.3375,-0.04907407407407407,350<400
38,heated,Q>posP90,69356.46616727604,0.0,0.07407407407407407,0.0,-0.07407407407407407,350<400
38,interface,Q>0,0.0,0.16058394160583941,0.046875,3.4257907542579074,0.11370894160583941,350>400
38,interface,Q>posP50,20843.727653275622,0.072992700729927,0.015625,4.671532846715328,0.057367700729927,350>400
38,interface,Q>posP75,37093.810930509106,0.0364963503649635,0.015625,2.335766423357664,0.0208713503649635,350>400
38,interface,Q>posP90,65733.41066185843,0.014598540145985401,0.015625,0.9343065693430657,-0.001026459854014599,350<400
38,interface_heated,Q>0,0.0,0.10810810810810811,0.07692307692307693,1.4054054054054055,0.031185031185031187,350>400
38,interface_heated,Q>posP50,23336.407721744672,0.05405405405405406,0.07692307692307693,0.7027027027027027,-0.02286902286902287,350<400
38,interface_heated,Q>posP75,37508.131092051524,0.02702702702702703,0.07692307692307693,0.35135135135135137,-0.0498960498960499,350<400
38,interface_heated,Q>posP90,69356.46616727604,0.0,0.07692307692307693,0.0,-0.07692307692307693,350<400
39,all,Q>0,0.0,0.16721311475409836,0.09473684210526316,1.7650273224043715,0.0724762726488352,350>400
39,all,Q>posP50,4688.2705946972055,0.11147540983606558,0.028070175438596492,3.971311475409836,0.08340523439746908,350>400
39,all,Q>posP75,16951.00639530811,0.04918032786885246,0.014035087719298246,3.5040983606557377,0.03514524014955421,350>400
39,all,Q>posP90,35306.76747097495,0.019672131147540985,0.007017543859649123,2.8032786885245904,0.012654587287891862,350>400
39,heated,Q>0,0.0,0.1,0.07407407407407407,1.35,0.025925925925925936,350>400
39,heated,Q>posP50,24511.085470208098,0.05,0.07407407407407407,0.675,-0.024074074074074067,350<400
39,heated,Q>posP75,35024.698417236126,0.025,0.07407407407407407,0.3375,-0.04907407407407407,350<400
39,heated,Q>posP90,84683.1479256411,0.0,0.07407407407407407,0.0,-0.07407407407407407,350<400
39,interface,Q>0,0.0,0.16058394160583941,0.0390625,4.110948905109489,0.12152144160583941,350>400
39,interface,Q>posP50,21740.981880320862,0.08029197080291971,0.015625,5.138686131386861,0.06466697080291971,350>400
39,interface,Q>posP75,35398.164007421,0.043795620437956206,0.015625,2.802919708029197,0.028170620437956206,350>400
39,interface,Q>posP90,70125.19438281145,0.014598540145985401,0.015625,0.9343065693430657,-0.001026459854014599,350<400
39,interface_heated,Q>0,0.0,0.10810810810810811,0.07692307692307693,1.4054054054054055,0.031185031185031187,350>400
39,interface_heated,Q>posP50,24511.085470208098,0.05405405405405406,0.07692307692307693,0.7027027027027027,-0.02286902286902287,350<400
39,interface_heated,Q>posP75,35024.698417236126,0.02702702702702703,0.07692307692307693,0.35135135135135137,-0.0498960498960499,350<400
39,interface_heated,Q>posP90,84683.1479256411,0.0,0.07692307692307693,0.0,-0.07692307692307693,350<400
40,all,Q>0,0.0,0.1737704918032787,0.09473684210526316,1.8342440801457194,0.07903364969801553,350>400
40,all,Q>posP50,3470.3385796543153,0.11475409836065574,0.028070175438596492,4.088114754098361,0.08668392292205924,350>400
40,all,Q>posP75,13875.657821728997,0.05901639344262295,0.017543859649122806,3.3639344262295086,0.041472533793500146,350>400
40,all,Q>posP90,34880.843407572014,0.019672131147540985,0.007017543859649123,2.8032786885245904,0.012654587287891862,350>400
40,heated,Q>0,0.0,0.1,0.07407407407407407,1.35,0.025925925925925936,350>400
40,heated,Q>posP50,19937.795308124216,0.075,0.07407407407407407,1.0125,0.0009259259259259273,350>400
40,heated,Q>posP75,33780.54933844981,0.025,0.07407407407407407,0.3375,-0.04907407407407407,350<400
40,heated,Q>posP90,43464.85458062935,0.0,0.07407407407407407,0.0,-0.07407407407407407,350<400
40,interface,Q>0,0.0,0.16058394160583941,0.0390625,4.110948905109489,0.12152144160583941,350>400
40,interface,Q>posP50,17378.43825393585,0.08029197080291971,0.015625,5.138686131386861,0.06466697080291971,350>400
40,interface,Q>posP75,34363.62244662354,0.051094890510948905,0.015625,3.27007299270073,0.035469890510948905,350>400
40,interface,Q>posP90,64230.372079598186,0.014598540145985401,0.015625,0.9343065693430657,-0.001026459854014599,350<400
40,interface_heated,Q>0,0.0,0.10810810810810811,0.07692307692307693,1.4054054054054055,0.031185031185031187,350>400
40,interface_heated,Q>posP50,19937.795308124216,0.08108108108108109,0.07692307692307693,1.054054054054054,0.004158004158004158,350>400
40,interface_heated,Q>posP75,33780.54933844981,0.02702702702702703,0.07692307692307693,0.35135135135135137,-0.0498960498960499,350<400
40,interface_heated,Q>posP90,43464.85458062935,0.0,0.07692307692307693,0.0,-0.07692307692307693,350<400
41,all,Q>0,0.0,0.18032786885245902,0.09473684210526316,1.9034608378870674,0.08559102674719586,350>400
41,all,Q>posP50,3545.249794596715,0.11147540983606558,0.031578947368421054,3.530054644808743,0.07989646246764452,350>400
41,all,Q>posP75,12855.20128575735,0.05901639344262295,0.007017543859649123,8.40983606557377,0.05199884958297383,350>400
41,all,Q>posP90,33558.16943619812,0.013114754098360656,0.007017543859649123,1.8688524590163933,0.006097210238711533,350>400
41,heated,Q>0,0.0,0.1,0.07407407407407407,1.35,0.025925925925925936,350>400
41,heated,Q>posP50,20787.539141013753,0.05,0.07407407407407407,0.675,-0.024074074074074067,350<400
41,heated,Q>posP75,34118.25636058962,0.0,0.07407407407407407,0.0,-0.07407407407407407,350<400
41,heated,Q>posP90,51163.81940331336,0.0,0.07407407407407407,0.0,-0.07407407407407407,350<400
41,interface,Q>0,0.0,0.16058394160583941,0.0390625,4.110948905109489,0.12152144160583941,350>400
41,interface,Q>posP50,17668.797432545914,0.08029197080291971,0.015625,5.138686131386861,0.06466697080291971,350>400
41,interface,Q>posP75,33532.0786363311,0.0364963503649635,0.015625,2.335766423357664,0.0208713503649635,350>400
41,interface,Q>posP90,63988.99379462106,0.014598540145985401,0.015625,0.9343065693430657,-0.001026459854014599,350<400
41,interface_heated,Q>0,0.0,0.10810810810810811,0.07692307692307693,1.4054054054054055,0.031185031185031187,350>400
41,interface_heated,Q>posP50,20787.539141013753,0.05405405405405406,0.07692307692307693,0.7027027027027027,-0.02286902286902287,350<400
41,interface_heated,Q>posP75,34118.25636058962,0.0,0.07692307692307693,0.0,-0.07692307692307693,350<400
41,interface_heated,Q>posP90,51163.81940331336,0.0,0.07692307692307693,0.0,-0.07692307692307693,350<400
42,all,Q>0,0.0,0.18688524590163935,0.08421052631578947,2.2192622950819674,0.10267471958584988,350>400
42,all,Q>posP50,4194.1912053132655,0.11147540983606558,0.02456140350877193,4.53864168618267,0.08691400632729365,350>400
42,all,Q>posP75,14853.519092443146,0.05573770491803279,0.007017543859649123,7.942622950819672,0.048720161058383664,350>400
42,all,Q>posP90,34752.7995571021,0.01639344262295082,0.007017543859649123,2.336065573770492,0.009375898763301697,350>400
42,heated,Q>0,0.0,0.1,0.07407407407407407,1.35,0.025925925925925936,350>400
42,heated,Q>posP50,22187.79090619247,0.05,0.07407407407407407,0.675,-0.024074074074074067,350<400
42,heated,Q>posP75,30777.46288381429,0.0,0.07407407407407407,0.0,-0.07407407407407407,350<400
42,heated,Q>posP90,49314.38301453128,0.0,0.07407407407407407,0.0,-0.07407407407407407,350<400
42,interface,Q>0,0.0,0.1678832116788321,0.0390625,4.297810218978102,0.1288207116788321,350>400
42,interface,Q>posP50,17080.955563797273,0.08029197080291971,0.015625,5.138686131386861,0.06466697080291971,350>400
42,interface,Q>posP75,33694.81172519482,0.0364963503649635,0.015625,2.335766423357664,0.0208713503649635,350>400
42,interface,Q>posP90,55665.6087506906,0.014598540145985401,0.0078125,1.8686131386861313,0.006786040145985401,350>400
42,interface_heated,Q>0,0.0,0.10810810810810811,0.07692307692307693,1.4054054054054055,0.031185031185031187,350>400
42,interface_heated,Q>posP50,22187.79090619247,0.05405405405405406,0.07692307692307693,0.7027027027027027,-0.02286902286902287,350<400
42,interface_heated,Q>posP75,30777.46288381429,0.0,0.07692307692307693,0.0,-0.07692307692307693,350<400
42,interface_heated,Q>posP90,49314.38301453128,0.0,0.07692307692307693,0.0,-0.07692307692307693,350<400
43,all,Q>0,0.0,0.18688524590163935,0.08421052631578947,2.2192622950819674,0.10267471958584988,350>400
43,all,Q>posP50,4573.1128870377415,0.11475409836065574,0.02456140350877193,4.672131147540984,0.0901926948518838,350>400
43,all,Q>posP75,15553.632592706646,0.05245901639344262,0.007017543859649123,7.475409836065573,0.0454414725337935,350>400
43,all,Q>posP90,37834.43768034325,0.01639344262295082,0.007017543859649123,2.336065573770492,0.009375898763301697,350>400
43,heated,Q>0,0.0,0.125,0.07407407407407407,1.6875,0.05092592592592593,350>400
43,heated,Q>posP50,23288.497214904804,0.05,0.07407407407407407,0.675,-0.024074074074074067,350<400
43,heated,Q>posP75,31095.737023833222,0.0,0.07407407407407407,0.0,-0.07407407407407407,350<400
43,heated,Q>posP90,47178.50641371949,0.0,0.037037037037037035,0.0,-0.037037037037037035,350<400
43,interface,Q>0,0.0,0.17518248175182483,0.0390625,4.484671532846716,0.13611998175182483,350>400
43,interface,Q>posP50,16595.4956528737,0.08029197080291971,0.015625,5.138686131386861,0.06466697080291971,350>400
43,interface,Q>posP75,32488.460017035322,0.0364963503649635,0.015625,2.335766423357664,0.0208713503649635,350>400
43,interface,Q>posP90,59393.195980505916,0.014598540145985401,0.0078125,1.8686131386861313,0.006786040145985401,350>400
43,interface_heated,Q>0,0.0,0.13513513513513514,0.07692307692307693,1.7567567567567568,0.058212058212058215,350>400
43,interface_heated,Q>posP50,23288.497214904804,0.05405405405405406,0.07692307692307693,0.7027027027027027,-0.02286902286902287,350<400
43,interface_heated,Q>posP75,31095.737023833222,0.0,0.07692307692307693,0.0,-0.07692307692307693,350<400
43,interface_heated,Q>posP90,47178.50641371949,0.0,0.038461538461538464,0.0,-0.038461538461538464,350<400
44,all,Q>0,0.0,0.18360655737704917,0.08070175438596491,2.2751247327156094,0.10290480299108426,350>400
44,all,Q>posP50,4650.363546457025,0.12131147540983607,0.02456140350877193,4.939110070257612,0.09675007190106413,350>400
44,all,Q>posP75,13390.899085530718,0.05901639344262295,0.007017543859649123,8.40983606557377,0.05199884958297383,350>400
44,all,Q>posP90,37790.792209776984,0.013114754098360656,0.007017543859649123,1.8688524590163933,0.006097210238711533,350>400
44,heated,Q>0,0.0,0.1,0.07407407407407407,1.35,0.025925925925925936,350>400
44,heated,Q>posP50,24734.597467258413,0.05,0.07407407407407407,0.675,-0.024074074074074067,350<400
44,heated,Q>posP75,30869.009056623523,0.0,0.07407407407407407,0.0,-0.07407407407407407,350<400
44,heated,Q>posP90,48050.24576079821,0.0,0.037037037037037035,0.0,-0.037037037037037035,350<400
44,interface,Q>0,0.0,0.1678832116788321,0.0390625,4.297810218978102,0.1288207116788321,350>400
44,interface,Q>posP50,14632.281683471389,0.08029197080291971,0.015625,5.138686131386861,0.06466697080291971,350>400
44,interface,Q>posP75,33611.61138878451,0.0364963503649635,0.015625,2.335766423357664,0.0208713503649635,350>400
44,interface,Q>posP90,57015.07498321214,0.014598540145985401,0.0078125,1.8686131386861313,0.006786040145985401,350>400
44,interface_heated,Q>0,0.0,0.10810810810810811,0.07692307692307693,1.4054054054054055,0.031185031185031187,350>400
44,interface_heated,Q>posP50,24734.597467258413,0.05405405405405406,0.07692307692307693,0.7027027027027027,-0.02286902286902287,350<400
44,interface_heated,Q>posP75,30869.009056623523,0.0,0.07692307692307693,0.0,-0.07692307692307693,350<400
44,interface_heated,Q>posP90,48050.24576079821,0.0,0.038461538461538464,0.0,-0.038461538461538464,350<400
45,all,Q>0,0.0,0.17049180327868851,0.07017543859649122,2.4295081967213115,0.10031636468219729,350>400
45,all,Q>posP50,4852.735509489707,0.13114754098360656,0.017543859649122806,7.475409836065575,0.11360368133448376,350>400
45,all,Q>posP75,15541.36171547058,0.04918032786885246,0.007017543859649123,7.008196721311475,0.042162784009203334,350>400
45,all,Q>posP90,36024.06661094239,0.01639344262295082,0.007017543859649123,2.336065573770492,0.009375898763301697,350>400
45,heated,Q>0,0.0,0.075,0.07407407407407407,1.0125,0.0009259259259259273,350>400
45,heated,Q>posP50,24274.803564851,0.075,0.07407407407407407,1.0125,0.0009259259259259273,350>400
45,heated,Q>posP75,28993.00837336388,0.0,0.07407407407407407,0.0,-0.07407407407407407,350<400
45,heated,Q>posP90,52127.752395388765,0.0,0.037037037037037035,0.0,-0.037037037037037035,350<400
45,interface,Q>0,0.0,0.15328467153284672,0.03125,4.905109489051095,0.12203467153284672,350>400
45,interface,Q>posP50,17245.424914168776,0.08029197080291971,0.015625,5.138686131386861,0.06466697080291971,350>400
45,interface,Q>posP75,35018.750128089145,0.0364963503649635,0.015625,2.335766423357664,0.0208713503649635,350>400
45,interface,Q>posP90,60445.81130507268,0.021897810218978103,0.0078125,2.802919708029197,0.014085310218978103,350>400
45,interface_heated,Q>0,0.0,0.08108108108108109,0.07692307692307693,1.054054054054054,0.004158004158004158,350>400
45,interface_heated,Q>posP50,24274.803564851,0.08108108108108109,0.07692307692307693,1.054054054054054,0.004158004158004158,350>400
45,interface_heated,Q>posP75,28993.00837336388,0.0,0.07692307692307693,0.0,-0.07692307692307693,350<400
45,interface_heated,Q>posP90,52127.752395388765,0.0,0.038461538461538464,0.0,-0.038461538461538464,350<400
46,all,Q>0,0.0,0.16393442622950818,0.07719298245614035,2.123695976154992,0.08674144377336783,350>400
46,all,Q>posP50,3881.7262827767554,0.12786885245901639,0.021052631578947368,6.073770491803279,0.10681622088006902,350>400
46,all,Q>posP75,14502.652617755608,0.05901639344262295,0.007017543859649123,8.40983606557377,0.05199884958297383,350>400
46,all,Q>posP90,32891.95255734475,0.01639344262295082,0.007017543859649123,2.336065573770492,0.009375898763301697,350>400
46,heated,Q>0,0.0,0.075,0.07407407407407407,1.0125,0.0009259259259259273,350>400
46,heated,Q>posP50,22895.952862248578,0.05,0.07407407407407407,0.675,-0.024074074074074067,350<400
46,heated,Q>posP75,29482.97108403137,0.0,0.07407407407407407,0.0,-0.07407407407407407,350<400
46,heated,Q>posP90,44519.863001732534,0.0,0.037037037037037035,0.0,-0.037037037037037035,350<400
46,interface,Q>0,0.0,0.13138686131386862,0.03125,4.204379562043796,0.10013686131386862,350>400
46,interface,Q>posP50,15906.009107695549,0.08029197080291971,0.015625,5.138686131386861,0.06466697080291971,350>400
46,interface,Q>posP75,33520.1363632422,0.0364963503649635,0.015625,2.335766423357664,0.0208713503649635,350>400
46,interface,Q>posP90,61028.45984520089,0.021897810218978103,0.0078125,2.802919708029197,0.014085310218978103,350>400
46,interface_heated,Q>0,0.0,0.08108108108108109,0.07692307692307693,1.054054054054054,0.004158004158004158,350>400
46,interface_heated,Q>posP50,22895.952862248578,0.05405405405405406,0.07692307692307693,0.7027027027027027,-0.02286902286902287,350<400
46,interface_heated,Q>posP75,29482.97108403137,0.0,0.07692307692307693,0.0,-0.07692307692307693,350<400
46,interface_heated,Q>posP90,44519.863001732534,0.0,0.038461538461538464,0.0,-0.038461538461538464,350<400
47,all,Q>0,0.0,0.1737704918032787,0.07719298245614035,2.251117734724292,0.09657750934713834,350>400
47,all,Q>posP50,3478.9840653197334,0.12459016393442623,0.021052631578947368,5.918032786885246,0.10353753235547887,350>400
47,all,Q>posP75,14749.770880436028,0.05901639344262295,0.007017543859649123,8.40983606557377,0.05199884958297383,350>400
47,all,Q>posP90,32396.659051751973,0.013114754098360656,0.007017543859649123,1.8688524590163933,0.006097210238711533,350>400
47,heated,Q>0,0.0,0.075,0.07407407407407407,1.0125,0.0009259259259259273,350>400
47,heated,Q>posP50,17331.59121022059,0.05,0.07407407407407407,0.675,-0.024074074074074067,350<400
47,heated,Q>posP75,30631.300679478118,0.0,0.07407407407407407,0.0,-0.07407407407407407,350<400
47,heated,Q>posP90,51051.734937691326,0.0,0.037037037037037035,0.0,-0.037037037037037035,350<400
47,interface,Q>0,0.0,0.1386861313868613,0.0390625,3.5503649635036494,0.09962363138686131,350>400
47,interface,Q>posP50,16802.65020627514,0.08029197080291971,0.015625,5.138686131386861,0.06466697080291971,350>400
47,interface,Q>posP75,32431.8672484973,0.029197080291970802,0.015625,1.8686131386861313,0.013572080291970802,350>400
47,interface,Q>posP90,59087.56217655227,0.021897810218978103,0.0078125,2.802919708029197,0.014085310218978103,350>400
47,interface_heated,Q>0,0.0,0.08108108108108109,0.07692307692307693,1.054054054054054,0.004158004158004158,350>400
47,interface_heated,Q>posP50,17331.59121022059,0.05405405405405406,0.07692307692307693,0.7027027027027027,-0.02286902286902287,350<400
47,interface_heated,Q>posP75,30631.300679478118,0.0,0.07692307692307693,0.0,-0.07692307692307693,350<400
47,interface_heated,Q>posP90,51051.734937691326,0.0,0.038461538461538464,0.0,-0.038461538461538464,350<400
48,all,Q>0,0.0,0.1737704918032787,0.07017543859649122,2.4762295081967216,0.10359505320678747,350>400
48,all,Q>posP50,3243.628670978229,0.13114754098360656,0.021052631578947368,6.229508196721312,0.1100949094046592,350>400
48,all,Q>posP75,13968.379746449398,0.05901639344262295,0.007017543859649123,8.40983606557377,0.05199884958297383,350>400
48,all,Q>posP90,32239.88452911867,0.013114754098360656,0.0035087719298245615,3.7377049180327866,0.009605982168536094,350>400
48,heated,Q>0,0.0,0.125,0.07407407407407407,1.6875,0.05092592592592593,350>400
48,heated,Q>posP50,18273.79664602081,0.075,0.07407407407407407,1.0125,0.0009259259259259273,350>400
48,heated,Q>posP75,26745.710261989978,0.0,0.07407407407407407,0.0,-0.07407407407407407,350<400
48,heated,Q>posP90,50429.50600868162,0.0,0.037037037037037035,0.0,-0.037037037037037035,350<400
48,interface,Q>0,0.0,0.145985401459854,0.0390625,3.7372262773722627,0.106922901459854,350>400
48,interface,Q>posP50,16572.987806724042,0.08759124087591241,0.015625,5.605839416058394,0.07196624087591241,350>400
48,interface,Q>posP75,32036.90160041234,0.029197080291970802,0.0078125,3.7372262773722627,0.021384580291970802,350>400
48,interface,Q>posP90,56910.41264279271,0.014598540145985401,0.0078125,1.8686131386861313,0.006786040145985401,350>400
48,interface_heated,Q>0,0.0,0.13513513513513514,0.07692307692307693,1.7567567567567568,0.058212058212058215,350>400
48,interface_heated,Q>posP50,18273.79664602081,0.08108108108108109,0.07692307692307693,1.054054054054054,0.004158004158004158,350>400
48,interface_heated,Q>posP75,26745.710261989978,0.0,0.07692307692307693,0.0,-0.07692307692307693,350<400
48,interface_heated,Q>posP90,50429.50600868162,0.0,0.038461538461538464,0.0,-0.038461538461538464,350<400
49,all,Q>0,0.0,0.18688524590163935,0.06666666666666667,2.8032786885245904,0.12021857923497269,350>400
49,all,Q>posP50,3238.650045831948,0.13442622950819672,0.021052631578947368,6.385245901639344,0.11337359792924935,350>400
49,all,Q>posP75,13113.715083794435,0.06229508196721312,0.007017543859649123,8.87704918032787,0.055277538107563993,350>400
49,all,Q>posP90,30288.38834714277,0.009836065573770493,0.0035087719298245615,2.8032786885245904,0.006327293643945931,350>400
49,heated,Q>0,0.0,0.125,0.07407407407407407,1.6875,0.05092592592592593,350>400
49,heated,Q>posP50,18229.232773434425,0.075,0.07407407407407407,1.0125,0.0009259259259259273,350>400
49,heated,Q>posP75,31092.16387316058,0.0,0.037037037037037035,0.0,-0.037037037037037035,350<400
49,heated,Q>posP90,48364.32491463249,0.0,0.037037037037037035,0.0,-0.037037037037037035,350<400
49,interface,Q>0,0.0,0.145985401459854,0.0390625,3.7372262773722627,0.106922901459854,350>400
49,interface,Q>posP50,15393.81420469645,0.08759124087591241,0.015625,5.605839416058394,0.07196624087591241,350>400
49,interface,Q>posP75,30160.98231286076,0.021897810218978103,0.015625,1.4014598540145986,0.006272810218978103,350>400
49,interface,Q>posP90,56619.892276487386,0.014598540145985401,0.0078125,1.8686131386861313,0.006786040145985401,350>400
49,interface_heated,Q>0,0.0,0.13513513513513514,0.07692307692307693,1.7567567567567568,0.058212058212058215,350>400
49,interface_heated,Q>posP50,18229.232773434425,0.08108108108108109,0.07692307692307693,1.054054054054054,0.004158004158004158,350>400
49,interface_heated,Q>posP75,31092.16387316058,0.0,0.038461538461538464,0.0,-0.038461538461538464,350<400
49,interface_heated,Q>posP90,48364.32491463249,0.0,0.038461538461538464,0.0,-0.038461538461538464,350<400
50,all,Q>0,0.0,0.19672131147540983,0.07017543859649122,2.8032786885245904,0.1265458728789186,350>400
50,all,Q>posP50,3243.5530527136616,0.12459016393442623,0.021052631578947368,5.918032786885246,0.10353753235547887,350>400
50,all,Q>posP75,12698.862114880778,0.06557377049180328,0.007017543859649123,9.344262295081968,0.05855622663215416,350>400
50,all,Q>posP90,31023.49884057439,0.013114754098360656,0.0035087719298245615,3.7377049180327866,0.009605982168536094,350>400
50,heated,Q>0,0.0,0.15,0.07407407407407407,2.025,0.07592592592592592,350>400
50,heated,Q>posP50,17276.271725494662,0.05,0.07407407407407407,0.675,-0.024074074074074067,350<400
50,heated,Q>posP75,30909.226362216257,0.0,0.037037037037037035,0.0,-0.037037037037037035,350<400
50,heated,Q>posP90,46043.9192973788,0.0,0.037037037037037035,0.0,-0.037037037037037035,350<400
50,interface,Q>0,0.0,0.145985401459854,0.0390625,3.7372262773722627,0.106922901459854,350>400
50,interface,Q>posP50,13900.651709860469,0.0948905109489051,0.015625,6.072992700729927,0.0792655109489051,350>400
50,interface,Q>posP75,29116.230232087328,0.029197080291970802,0.015625,1.8686131386861313,0.013572080291970802,350>400
50,interface,Q>posP90,53985.260454518895,0.014598540145985401,0.0078125,1.8686131386861313,0.006786040145985401,350>400
50,interface_heated,Q>0,0.0,0.16216216216216217,0.07692307692307693,2.108108108108108,0.08523908523908524,350>400
50,interface_heated,Q>posP50,17276.271725494662,0.05405405405405406,0.07692307692307693,0.7027027027027027,-0.02286902286902287,350<400
50,interface_heated,Q>posP75,30909.226362216257,0.0,0.038461538461538464,0.0,-0.038461538461538464,350<400
50,interface_heated,Q>posP90,46043.9192973788,0.0,0.038461538461538464,0.0,-0.038461538461538464,350<400
