x_m,y_m,z_m,FOF,HF,Temperature_K,TempGrad_Kpm,Vx,Vy,Vz,Vmag,x_mm,y_mm,z_mm,power_W,kNN,cond_A,grad_valid,Q,Q_pos_flag,vorticity_mag,strain2,is_interface,is_heated,is_interface_heated,is_slice_near_symmetry,slice_y_threshold_m
0.00481427,9.94357e-05,0.000395698,0.86763,0.0,1671.44,1142940.0,0.00412083,-0.00720469,-0.00823782,0.011694,4.81427,0.09943569999999999,0.395698,350,25,1.3622517123350106,1,-2594.868373195548,0,189.15618131508248,23079.767211243274,1,0,0,0,2e-05
0.00481705,9.49594e-05,0.000307159,0.999975,0.0,1635.36,1166410.0,0.00436639,-0.00328478,-0.00593707,0.0080687,4.81705,0.0949594,0.307159,350,25,1.576252165804137,1,-878.8199283346003,0,123.25608508067941,9353.671111377042,0,0,0,0,2e-05
0.00483006,3.00588e-05,0.00030314,0.999987,0.0,1647.18,1225750.0,0.005279,-0.00135699,-0.0109189,0.0122038,4.83006,0.0300588,0.30313999999999997,350,25,1.6280817020008613,1,-1442.7146829611952,0,91.97611904141947,7115.232602883073,0,0,0,0,2e-05
0.0048359,0.000184497,0.000386352,0.9978469999999999,0.0,1637.41,976815.0,0.00908345,-0.013187300000000002,-0.00632132,0.0172155,4.8359,0.184497,0.38635200000000003,350,25,1.3602506517223678,1,-10444.909731671174,0,159.48989509769487,33608.33278247921,0,0,0,0,2e-05
0.00483671,3.67121e-05,0.000390497,0.8014449999999999,0.0,1684.79,1200720.0,0.0027274599999999997,-0.00559445,-0.0114015,0.0129897,4.83671,0.0367121,0.39049700000000004,350,25,1.50500840264489,1,-1900.9481068454634,0,119.74716501027672,10971.587977690147,1,0,0,0,2e-05
0.00484236,0.000183493,0.000342361,0.998898,0.0,1612.26,1060240.0,0.00454172,-0.006593650000000001,-0.00316066,0.00860774,4.84236,0.18349300000000002,0.342361,350,25,1.8121234763196377,1,-10810.522296200847,0,222.66466701653204,46410.82156119324,0,0,0,0,2e-05
0.00485,5e-05,0.00025,0.99993575,0.0,1588.42875,1285555.0,0.002405195,0.0,-0.002405195,0.00340146125,4.8500000000000005,0.05,0.25,350,25,1.8123420922651565,1,-3356.158772439694,0,108.72279579405192,12622.640707516945,0,0,0,0,2e-05
0.00485,5e-05,0.00045,0.60289,0.0,1704.81,1227420.0,0.00189386,-0.00847492,-0.00796213,0.0117816,4.8500000000000005,0.05,0.45,350,25,1.7050829494912227,1,-3707.9299332858136,0,130.47931629923988,15928.285857530169,1,0,0,0,2e-05
0.00485,9.32028e-05,0.00045,0.60289,0.0,1704.81,1227420.0,0.00189386,-0.00847492,-0.00796213,0.0117816,4.8500000000000005,0.09320279999999999,0.45,350,25,1.3832479629694918,1,-7156.621890705755,0,147.99554140484875,25264.583919268658,1,0,0,0,2e-05
0.00485206,0.000132891,0.000253284,0.9999800000000001,0.0,1753.72,1412200.0,0.0135767,-0.00293178,-0.0195624,0.0239919,4.85206,0.132891,0.253284,350,25,1.7786521938577553,1,-1536.5842721808076,0,97.73552413224866,7849.284883064295,0,0,0,0,2e-05
0.00487964,0.000204354,0.000288828,0.999963,0.0,1715.89,1207620.0,0.0186696,-0.0105557,-0.0175348,0.0277028,4.87964,0.20435399999999998,0.288828,350,25,2.3737688506118273,1,-17756.644739905358,0,97.4328610268156,40259.8706837461,0,0,0,0,2e-05
0.00488875,0.000102862,0.000197138,0.999926,0.0,1697.9,1380940.0,0.00964112,0.00199664,-0.0120952,0.0155959,4.88875,0.10286200000000001,0.197138,350,25,2.323601946765116,1,822.2852536129617,1,96.62189194277188,3023.324494074419,0,0,0,0,2e-05
0.00489659,0.000206362,0.000411992,0.999987,0.0,1735.89,1184870.0,0.0287034,-0.0216197,-0.0227537,0.0425327,4.89659,0.206362,0.411992,350,25,2.1324953162245777,1,-42568.37110795034,0,180.82026690905408,101484.72667843146,0,0,0,0,2e-05
0.00489659,0.000206363,0.000411992,0.999987,0.0,1735.89,1184870.0,0.0287034,-0.0216197,-0.0227537,0.0425327,4.89659,0.206363,0.411992,350,25,2.132492251115663,1,-42567.669075656304,0,180.8192769715693,101483.14361357315,0,0,0,0,2e-05
0.00489963,0.00010761,0.00045,0.862785,0.0,1792.76,1539150.0,0.0059617,-0.0107803,-0.0139656,0.0186224,4.89963,0.10761,0.45,350,25,1.4059846426303473,1,-10289.060506275215,0,129.0909708128688,28910.3603852549,1,0,0,0,2e-05
0.00489994,9.48375e-05,0.000455713,0.588356,0.0,1829.22,1709080.0,-0.0102874,-0.015429400000000001,0.000402449,0.0185488,4.89994,0.09483749999999999,0.455713,350,25,1.4114822290724265,1,-36951.78976236833,0,159.31368495377382,86594.00463151181,1,0,0,0,2e-05
0.00489996,5e-05,0.00045,0.588356,0.0,1829.22,1709080.0,-0.0102874,-0.015429400000000001,0.000402449,0.0185488,4.89996,0.05,0.45,350,25,1.4973638531208586,1,-29647.887156725108,0,119.1353250717783,66392.38715342936,1,0,0,0,2e-05
0.0049,1.21426e-05,0.000396853,0.794178,0.0,1812.0199999999998,1643110.0,-0.00126371,-0.00894844,-0.0146922,0.0172491,4.8999999999999995,0.0121426,0.396853,350,25,1.484819113415824,1,-3550.2862236014785,0,124.33326199249949,14829.952466050716,1,0,0,1,2e-05
0.00490012,2.46994e-06,0.000300123,0.9999920000000001,0.0,1772.4000000000003,1499620.0,0.0136266,0.000324956,-0.026393299999999998,0.0297051,4.90012,0.00246994,0.30012300000000003,350,25,1.6584056281580435,1,8209.124741698,1,251.69745102742067,15257.55394345441,0,0,0,1,2e-05
0.00490709,1.67604e-05,0.000204835,0.999965,0.0,1712.81,1427070.0,0.0126418,0.00225921,-0.015095599999999999,0.0198191,4.90709,0.016760399999999998,0.204835,350,25,1.6316676143807658,1,338.22579220975695,1,99.63480628687465,4287.095727492004,0,0,0,1,2e-05
0.00491029,0.000292898,0.000303304,0.952643,0.0,1674.94,1025870.0,0.0261924,-0.0162024,-0.0186448,0.0360027,4.910290000000001,0.292898,0.303304,350,25,1.8012286546186709,1,-8794.526012124486,0,376.8866274697187,88610.81700699823,1,0,0,0,2e-05
0.00491364,0.000195453,0.000204548,0.9998700000000001,0.0,1664.56,1279160.0,0.0059778,0.000604469,-0.00746758,0.00958458,4.91364,0.195453,0.204548,350,25,3.6077784460085374,1,-7742.545126956236,0,283.09875575319654,55557.543008416484,0,0,0,0,2e-05
0.00491745,0.000281921,0.000375517,0.9053210000000002,0.0,1694.32,924770.0,0.0470697,-0.0318797,-0.0314493,0.0649687,4.9174500000000005,0.28192100000000003,0.375517,350,25,1.6638952232767164,1,-109594.29349347221,0,238.43893572093262,247615.15002080996,1,0,0,0,2e-05
0.00492501,9.99989e-05,0.000125005,0.999874,0.0,1619.32,1446550.0,0.00310755,0.000700508,-0.00310755,0.00445022,4.925009999999999,0.0999989,0.125005,350,25,1.631397063224888,1,-2942.654393818856,0,135.98504655646593,15131.275231119816,0,0,0,0,2e-05
0.00494696,0.000270946,0.000246956,0.999896,0.0,1621.42,1218570.0,0.0026576,-0.000262569,-0.00292017,0.00395717,4.946960000000001,0.27094599999999996,0.246956,350,25,3.148996730398976,1,-11066.906163906111,0,457.71532013846877,126885.4694725427,0,0,0,0,2e-05
0.00495,5e-05,0.00015,0.999942,0.0,1631.17,1489850.0,0.00289521,0.000700508,-0.00359572,0.00466928,4.95,0.05,0.15,350,25,2.042373088452325,1,-3425.470263649734,0,154.1329400137931,18729.42212594724,0,0,0,0,2e-05
0.00495,0.00015,0.00015,0.9997469999999999,0.0,1590.45,1399920.0,0.0016599499999999999,0.000350254,-0.00130969,0.00214322,4.95,0.15,0.15,350,25,3.7422151133883137,1,-1135.577587767857,0,274.3350597358548,39901.017675673225,0,0,0,0,2e-05
0.00495,0.00035,0.000345056,0.931012,0.0,1624.24,1001880.0,0.0190483,-0.0116547,-0.00996786,0.0244546,4.95,0.35,0.345056,350,25,2.0712182806850015,1,17229.297584349086,1,620.3079900389237,157932.40608436655,1,0,0,0,2e-05
0.00495,0.00035,0.00035,0.8106670000000001,0.0,1671.1,811026.0,0.057145,-0.0349641,-0.029903599999999995,0.0733639,4.95,0.35,0.35,350,25,1.6735692969529166,1,-81538.426292891,0,449.8114811201727,264242.03685954376,1,0,0,0,2e-05
0.00495003,0.000249988,0.00015,0.999849,0.0,1770.55,1354710.0,0.0205806,0.006522849999999999,-0.0167553,0.0273285,4.95003,0.249988,0.15,350,25,2.7390144712300755,1,-5090.9058285572355,0,262.21707751024985,44560.70952612266,0,0,0,0,2e-05
0.00495785,0.00035,0.000295498,0.949628,0.0,1756.8699999999997,1193240.0,0.0493155,-0.00124895,-0.0341203,0.0599814,4.95785,0.35,0.295498,350,25,1.8415725556279985,1,-33942.359039720686,0,234.96069016667184,95487.98104124075,1,0,0,0,2e-05
0.00497501,0.000100004,7.5005e-05,0.999856,0.0,1728.4000000000003,1527790.0,0.0108759,0.00294836,-0.00906056,0.0144593,4.97501,0.100004,0.075005,350,25,1.9077248000095752,1,-1095.1133322193016,0,26.388767751298275,2538.410196154583,0,0,0,0,2e-05
0.00498533,0.000305179,0.000192168,0.999879,0.0,1716.16,1253010.0,0.0150557,0.00561717,-0.0159978,0.022675,4.985329999999999,0.305179,0.192168,350,25,3.5024741529524324,1,-6885.431204560053,0,569.5179742133379,175946.22388515217,0,0,0,0,2e-05
0.00499255,5e-05,0.00045,0.587946,0.0,1916.98,2161720.0,-0.0232177,-0.0217805,0.0234559,0.0395428,4.9925500000000005,0.05,0.45,350,25,1.854607496420985,1,-75736.490563639,0,465.17730916454616,259667.9456080619,1,0,0,0,2e-05
0.00499374,9.32396e-05,0.00045,0.587946,0.0,1916.9800000000002,2161720.0,-0.023217699999999997,-0.021780499999999998,0.0234559,0.0395428,4.99374,0.09323959999999999,0.45,350,25,1.7340333914993946,1,-96576.8264713074,0,526.3283493970791,331664.4186321417,1,0,0,0,2e-05
0.00499879,0.000201058,9.89419e-05,0.999733,0.0,1693.6799999999998,1431330.0,0.00778623,0.00291511,-0.0053794,0.00990258,4.9987900000000005,0.201058,0.0989419,350,25,4.560051784294122,1,693.7927916501953,1,82.05237873771762,1978.7108449585362,0,0,0,0,2e-05
0.00499879,0.000201058,9.8942e-05,0.999733,0.0,1693.68,1431330.0,0.007786230000000001,0.00291511,-0.0053794,0.00990258,4.9987900000000005,0.201058,0.098942,350,25,4.560060341729064,1,693.7942636665088,1,82.05247499940184,1978.7157994307138,0,0,0,0,2e-05
0.00499947,1.40005e-05,0.000395705,0.862649,0.0,1944.1200000000001,2167370.0,-0.00191696,-0.00511049,-0.018290400000000002,0.0190874,4.99947,0.014000499999999999,0.395705,350,25,1.8444125311073347,1,-2232.003728135358,0,193.54749579966315,23194.32402143103,1,0,0,1,2e-05
0.005,8.82164e-10,0.0003,0.999982,0.0,1918.03,1958490.0,0.0161831,0.00497308,-0.0347026,0.0386121,5.0,8.821640000000001e-07,0.3,350,25,2.3258000492200743,1,15893.090518784502,1,395.44914756328745,46403.83311669634,0,0,0,1,2e-05
0.005,2.64659e-09,0.0002,0.999947,0.0,1836.68,1662600.0,0.0200229,0.00516313,-0.0233424,0.03118391666666667,5.0,2.64659e-06,0.2,350,25,2.240387309679127,1,2207.7990973202177,1,239.70272106653147,24313.099048709264,0,0,0,1,2e-05
0.00500024,0.000298407,0.000394938,0.899312,0.0,1764.8499999999997,1221940.0,0.0761781,-0.0108721,-0.042451800000000005,0.0878833,5.000240000000001,0.298407,0.394938,350,25,2.016262266978426,1,-164425.14260338806,0,500.12125609968064,453910.92060813727,1,0,0,0,2e-05
0.00500115,0.000203465,0.00041908,0.999599,0.0,1842.24,1531190.0,0.0424541,-0.00298633,-0.0323153,0.0534373,5.00115,0.203465,0.41908,350,25,2.6238269781416252,1,-80830.04558962215,0,365.39426314437617,228416.57494865512,0,0,0,0,2e-05
0.00500449,0.000104849,0.000443673,0.917589,0.0,1918.9499999999998,1951690.0,0.0109783,-0.00229359,-0.0208002,0.0236312,5.0044900000000005,0.104849,0.443673,350,25,1.956993374472638,1,-16899.618320126872,0,149.86051587963624,45028.3237501091,1,0,0,0,2e-05
0.00500455,1.36408e-05,0.000104547,0.999918,0.0,1744.38,1596750.0,0.00978789,0.00222247,-0.0102232,0.0143268,5.00455,0.0136408,0.104547,350,25,1.5283697006235657,1,-1870.8838752290208,0,57.84778190619826,5414.950686191581,0,0,0,1,2e-05
0.0050051,0.000396016,0.000299082,0.931313,0.0,1700.86,1059970.0,0.0405051,0.00143978,-0.0267575,0.0485665,5.0051000000000005,0.39601600000000003,0.299082,350,25,1.8205914486989894,1,2838.3106767828212,1,449.31589172668157,95265.76392550587,1,0,0,0,2e-05
0.0050099,0.000369702,0.000351034,0.799426,0.0,1726.41,1009680.0,0.0977692,-0.013839700000000002,-0.0448381,0.108447,5.0099,0.36970200000000003,0.351034,350,25,1.6020796554461023,1,-200320.94998013598,0,598.1136825741638,579511.8886014858,1,0,0,0,2e-05
0.0050156,0.000391475,0.000207646,0.998589,0.0,1649.36,1234270.0,0.00796156,0.00489186,-0.0105316,0.0140794,5.0156,0.391475,0.207646,350,25,2.1786219391550827,1,-10245.70113472933,0,607.033607956064,204736.30286353684,0,0,0,0,2e-05
0.00502501,9.99986e-05,2.50079e-05,0.999851,0.0,1621.41,1623410.0,0.00183692,0.000420161,-0.00183692,0.00263155,5.02501,0.0999986,0.025007900000000003,350,25,2.3010018630910754,1,-2140.8830358786827,0,96.35527252298917,8923.935343247122,0,0,0,0,2e-05
0.00502893,0.000295786,0.000125083,0.999699,0.0,1639.26,1442470.0,0.0038292599999999997,0.00143008,-0.0031033800000000006,0.00513219,5.02893,0.295786,0.125083,350,25,5.245213516902647,1,-8368.080467685551,0,316.2190694920323,66733.41089057448,0,0,0,0,2e-05
0.00504897,0.000162397,4.89737e-05,0.9997130000000001,0.0,1590.54,1597394.0,0.00104618,0.00021008,-0.0008360990000000001,0.00135561,5.04897,0.16239699999999999,0.0489737,350,25,3.914327980262447,1,-875.3624336668177,0,103.29582244148177,7085.738334264701,0,0,0,0,2e-05
0.00505,5e-05,5e-05,0.9999160000000001,0.0,1634.0199999999998,1660560.0,0.00158147,0.000420161,-0.00200163,0.00258536,5.05,0.05,0.05,350,25,2.142219309460494,1,-2763.8338000640624,0,95.56699216416114,10094.192595780543,0,0,0,0,2e-05
0.00505,0.00025,5e-05,0.999756,0.0,1789.6600000000003,1504190.0,0.015641,0.00604854,-0.006008,0.0178135,5.05,0.25,0.05,350,25,3.39072396761165,1,-180.32795121800882,0,290.4824617454127,42550.68619327359,0,0,0,0,2e-05
0.00505,0.00035,0.00015,0.999788,0.0,1565.27,1499840.0,0.00202503,0.000352098,-0.00167294,0.00265018,5.05,0.35,0.15,350,25,3.7408521017976937,1,-7002.258210950575,0,665.1923908126673,235244.9748194373,0,0,0,0,2e-05
0.00505,0.00045,0.00025,0.91766,0.0,1583.15,1312930.0,0.00417242,0.00290744,-0.00296387,0.00588616,5.05,0.45,0.25,350,25,1.5029104962580373,1,26116.144076460492,1,646.9687494230989,157051.99321212323,1,0,0,0,2e-05
0.00505,0.00045,0.000271841,0.836373,0.0,1631.74,1193030.0,0.00834484,0.00581489,-0.00592774,0.0117723,5.05,0.45,0.271841,350,25,1.5747627756811637,1,23602.891886539786,1,643.4092092631028,159781.921509206,1,0,0,0,2e-05
0.00506999,0.000436485,0.000169133,0.9951799999999998,0.0,1729.11,1283990.0,0.028170099999999997,0.0114597,-0.0220272,0.037551,5.06999,0.436485,0.169133,350,25,1.5814290553426045,1,-12778.621026420831,0,188.70287426522478,43361.62943082028,0,0,0,0,2e-05
0.00508024,0.000102289,-2.43e-05,0.999858,0.0,1719.74,1677570.0,0.005248159999999999,0.00175555,-0.00329365,0.00643997,5.08024,0.10228899999999999,-0.024300000000000002,350,25,1.8423212472329238,1,-864.130671547603,0,11.670106164047725,1796.3570320352783,0,0,0,0,2e-05
0.00508895,0.000307439,8.11694e-05,0.999709,0.0,1725.4271428571428,1435800.0,0.0142893,0.0039147,-0.00849465,0.0170783,5.08895,0.307439,0.0811694,350,25,6.910645190812402,1,6089.892138247706,1,436.2433269435217,82974.33587488077,0,0,0,0,2e-05
0.00509083,0.000371397,0.000350769,0.670386,0.0,1831.28,1607060.0,0.10319,0.0387704,-0.0829713,0.137969,5.09083,0.371397,0.350769,350,25,2.3821608431983314,1,-262874.3535194085,0,820.8740502481251,862665.8102241977,1,0,0,0,2e-05
0.005099,0.000298022,0.00039154,0.822587,0.0,1884.43,1759220.0,0.0782019,0.0297342,-0.0523442,0.0986893,5.099,0.298022,0.39154,350,25,3.05869088645418,1,-426643.5663202378,0,928.3966053164105,1284247.2610219931,1,0,0,0,2e-05
0.00509971,1.66456e-05,0.00039365,1.0,0.0,2169.31,3194660.0,0.00131447,0.00343657,-0.0213127,0.021627999999999998,5.09971,0.0166456,0.39365,350,25,1.8323630322416211,1,-7464.03483717065,0,746.9074657916569,293863.4509019989,0,0,0,1,2e-05
0.0051,1.36498e-09,0.0003,0.9999730000000001,0.0,2106.73,2799720.0,0.0109873,0.00561044,-0.020386,0.0238283,5.1000000000000005,1.36498e-06,0.3,350,25,3.718695706417829,1,21730.51373893203,1,1206.8591481109645,684793.4742116974,0,0,0,1,2e-05
0.0051,3.55865e-09,0.0002,0.999929,0.0,1982.61,2152540.0,0.0197287,0.00616339,-0.0153262,0.0257313,5.1000000000000005,3.55865e-06,0.2,350,25,3.403659880156582,1,11959.11888808517,1,563.3920318068499,134787.05297555492,0,0,0,1,2e-05
0.0051,4.45584e-09,0.0001,0.999911,0.0,1861.95,1816280.0,0.013192,0.00328477,-0.00850164,0.0160342,5.1000000000000005,4.45584e-06,0.1,350,25,2.507684348624858,1,-3563.491921235054,0,111.03890998640095,13291.803607954134,0,0,0,1,2e-05
0.00510058,0.000199419,8.18411e-07,0.999755,0.0,1679.02,1603990.0,0.00406224,0.00176181,-0.00206239,0.00488459,5.100580000000001,0.19941899999999999,0.000818411,350,25,3.8236102891313672,1,-360.3245965098545,0,48.61891371159856,1902.5485782676421,0,0,0,0,2e-05
0.00510058,0.000199419,8.18414e-07,0.999755,0.0,1679.0199999999998,1603990.0,0.00406224,0.00176181,-0.00206239,0.00488459,5.100580000000001,0.19941899999999999,0.0008184140000000001,350,25,3.8236105061310464,1,-360.32458533030285,0,48.61891436212015,1902.5485875361924,0,0,0,0,2e-05
0.00510096,0.000200657,0.000406965,0.987394,0.0,1980.9000000000003,2204770.0,0.0451576,0.0172092,-0.0214534,0.0528736,5.10096,0.200657,0.406965,350,25,6.205069201246976,1,-198182.10285840632,0,943.4252472242665,841389.8042668968,1,0,0,0,2e-05
0.00510155,0.000415669,0.000325762,0.883757,0.0,1787.57,1322330.0,0.06063369999999999,0.025747499999999996,-0.049218000000000005,0.0822301,5.10155,0.415669,0.325762,350,25,1.9682714848594292,1,-53005.61836651056,0,426.4480832603871,196940.2205912501,1,0,0,0,2e-05
0.00510314,0.000104161,0.000422901,1.0,0.0,2096.76,2846420.0,0.0192078,0.00857858,-0.0212512,0.029902300000000003,5.10314,0.10416099999999999,0.42290099999999997,350,25,2.903935043166804,1,-180226.0659035775,0,1347.9466670630827,1268932.2404303916,0,0,0,0,2e-05
0.00510455,1.36411e-05,4.54695e-06,0.999908,0.0,1734.17,1732960.0,0.00418318,0.0012543,-0.00353568,0.00561901,5.104550000000001,0.0136411,0.00454695,350,25,1.4812020254769864,1,-2053.5317536412244,0,15.046075200182557,4220.255696747223,0,0,0,1,2e-05
0.00510455,1.36411e-05,4.54696e-06,0.999908,0.0,1734.17,1732960.0,0.00418318,0.0012543,-0.00353568,0.00561901,5.104550000000001,0.0136411,0.00454696,350,25,1.4812021524959487,1,-2053.5318651333687,0,15.046075576241693,4220.255925389726,0,0,0,1,2e-05
0.00510587,0.000479955,0.000278899,0.806406,0.0,1706.26,1180130.0,0.0341639,0.013253,-0.0194262,0.0414752,5.10587,0.479955,0.278899,350,25,1.5381713311211243,1,-8665.970185032653,0,406.66682167527887,100020.89229580182,1,0,0,0,2e-05
0.00510757,0.000391447,0.000113353,0.999739,0.0,1644.4742857142858,1491900.0,0.00962789,0.00197385,-0.00686,0.0119855,5.10757,0.391447,0.113353,350,25,3.212389441317881,1,-10061.269452453169,0,305.24076196125225,66708.50028624927,0,0,0,0,2e-05
0.00510909,0.000485926,0.000209305,0.9015130000000001,0.0,1656.15,1308000.0,0.0190201,0.00725108,-0.0110267,0.0231502,5.10909,0.485926,0.209305,350,25,1.4278994670197314,1,-17393.93992307059,0,407.54696701996056,117835.14500972559,1,0,0,0,2e-05
0.00513059,9.64598e-05,-6.94e-05,0.99991,0.0,1583.08,1866130.0,0.000609032,0.000240771,-0.000609032,0.000894321,5.13059,0.0964598,-0.0694,350,25,1.529118540506302,1,-629.7380312727713,0,38.36818304317738,1995.5347975629247,0,0,0,0,2e-05
0.00513567,0.000277457,4.33194e-05,0.9996240000000001,0.0,1617.0,1663300.0,0.00204127,0.000765568,-0.00154002,0.00266918,5.13567,0.277457,0.043319399999999994,350,25,8.37344975875047,1,4101.972586658903,1,379.20704346325016,63695.04573275183,0,0,0,0,2e-05
0.00515,5e-05,-5e-05,0.99994,0.0,1593.78,1884550.0,0.00038979899999999997,0.000240771,-0.00063057,0.000779443,5.15,0.05,-0.05,350,25,1.6711003384753937,1,-1592.6000616385882,0,36.36061104598649,3846.247141095934,0,0,0,0,2e-05
0.00515,0.00015,-5e-05,0.999875,0.0,1546.68,1653690.0,0.000414133,0.000120386,-0.000293747,0.00052181,5.15,0.15,-0.05,350,25,2.55734221485282,1,-596.310955391489,0,54.59852157586821,2683.1211899182513,0,0,0,0,2e-05
0.00515,0.00035,5e-05,0.9997909999999999,0.0,1798.75,1587960.0,0.0240844,0.00179419,-0.00565474,0.0248043,5.15,0.35,0.05,350,25,5.0223453516115,1,-10644.602321166225,0,608.5075626892153,206429.9315673171,0,0,0,0,2e-05
0.00515,0.00045,0.00015,0.995776,0.0,1554.74,1785560.0,0.00193815,0.000624577,-0.00131357,0.00242322,5.15,0.45,0.15,350,25,2.1946348373468707,1,-24065.28422446114,0,513.3460850731236,179892.6699788736,0,0,0,0,2e-05
0.00515934,0.000232139,-4.72e-05,0.9998150000000001,0.0,1758.9900000000002,1710780.0,0.006442619999999999,0.00235586,-5.250000000000001e-05,0.006860050000000001,5.15934,0.23213899999999998,-0.0472,350,25,2.6420523191586236,1,-203.77337689858405,0,75.41827577162803,3251.5049139798357,0,0,0,0,2e-05
0.00519459,0.00040979,8.52517e-05,0.9998354285714285,0.0,1709.9,1575320.0,0.0206005,0.00086755,-0.00833213,0.0222387,5.19459,0.40979,0.0852517,350,25,3.3819279516807907,1,-4393.261176984261,0,170.5479431375525,23329.82280819344,0,0,0,0,2e-05
0.00519594,0.000352667,0.00035,0.552523,0.0,1976.11,2009660.0,0.083996,0.0617481,-0.0410401,0.11203800000000001,5.195939999999999,0.35266699999999995,0.35,350,25,5.656775782332911,1,-111593.52906509629,0,1779.2716335029372,1806090.831024298,1,0,0,0,2e-05
0.00519809,0.000301908,-3.01e-06,0.9997,0.0,1681.97,1698940.0,0.00661453,0.000742895,-0.00185366,0.00690941,5.19809,0.301908,-0.00301,350,25,6.317544307813416,1,1954.784452155096,1,181.1075614964689,12490.405511288438,0,0,0,0,2e-05
0.00519817,0.000489461,0.000280303,0.798324,0.0,1765.99,1439120.0,0.056671,0.0113355,-0.0238709,0.0625293,5.19817,0.489461,0.28030299999999997,350,25,1.4742126849325912,1,-41641.69730593021,0,266.7528345519024,118861.93198259774,1,0,0,0,2e-05
0.00519839,0.000104887,0.000419252,0.9042260000000001,0.0,2419.94,4949920.0,-0.0615497,0.007416,0.05664637142857143,0.0839772,5.19839,0.104887,0.419252,350,25,2.465355238344668,1,-801144.3920700708,0,1624.4016637967322,2921629.1668129377,1,0,0,0,2e-05
0.00519984,0.000505558,0.000198386,0.911022,0.0,1708.05,1441450.0,0.0324201,0.005413190000000001,-0.0133778,0.0354871,5.19984,0.5055580000000001,0.198386,350,25,1.5669775474429997,1,-25776.49468980179,0,280.0047114757398,90754.30860390973,1,0,0,0,2e-05
0.00519989,0.000295811,0.000384922,0.7506411666666667,0.0,2040.4800000000002,2274370.0,0.06236450000000001,0.05114095,-0.0159556,0.082215,5.199890000000001,0.295811,0.384922,350,25,5.217449495993591,1,-101642.39911654976,0,1381.7462176632491,1157896.1032464467,1,0,0,0,2e-05
0.00519992,0.000200171,0.000402111,0.97438,0.0,2181.93,3381850.0,0.0342008,0.0329326,0.0135403,0.049372,5.1999200000000005,0.200171,0.40211100000000005,350,25,6.187185324998551,1,-1864527.3211269812,0,1436.8412571814347,4761311.041423325,1,0,0,0,2e-05
0.0052,1.23981e-09,0.0003,0.999975,0.0,2370.08,3827540.0,-0.0125069,0.0091944,-0.00138182,0.0155842,5.2,1.23981e-06,0.3,350,25,3.674281147641749,1,-11906.596829121583,0,809.0095884774571,351061.4507824754,0,0,0,1,2e-05
0.0052,3.09069e-09,0.0002,0.999938,0.0,2161.87,2943700.0,0.0152081,0.00766863,-0.00581954,0.0179989,5.2,3.0906899999999996e-06,0.2,350,25,18.662972404065837,1,-85250.40599895641,0,4956.968441978458,12456268.879383083,0,0,0,1,2e-05
0.0052,3.09367e-09,0.0002,0.999938,0.0,2161.87,2943700.0,0.0152081,0.00766863,-0.00581954,0.0179989,5.2,3.09367e-06,0.2,350,25,18.662976554390863,1,-85250.45988345891,0,4956.969369796959,12456273.586319545,0,0,0,1,2e-05
0.0052,3.17117e-09,1.89028e-16,0.999937,0.0,1836.83,1955950.0,0.00321304,0.00137456,0.000221249,0.00350171,5.2,3.17117e-06,1.89028e-13,350,25,1.7694319338533357,1,-1841.950340378136,0,28.007955574002057,4076.1234684739084,0,0,0,1,2e-05
0.0052,3.17117e-09,3.78057e-16,0.999937,0.0,1836.83,1955950.0,0.00321304,0.00137456,0.000221249,0.00350171,5.2,3.17117e-06,3.7805700000000004e-13,350,25,1.7694319338556188,1,-1841.950340379491,0,28.00795557408312,4076.123468478889,0,0,0,1,2e-05
0.0052,3.17415e-09,1.89206e-16,0.999937,0.0,1836.83,1955950.0,0.00321304,0.00137456,0.000221249,0.00350171,5.2,3.17415e-06,1.89206e-13,350,25,1.7694319853253133,1,-1841.950343851099,0,28.007955702484985,4076.1234790183785,0,0,0,1,2e-05
0.0052,3.17415e-09,3.78412e-16,0.999937,0.0,1836.83,1955950.0,0.00321304,0.00137456,0.000221249,0.00350171,5.2,3.17415e-06,3.78412e-13,350,25,1.769431985327598,1,-1841.9503438524546,0,28.007955702566115,4076.123479023362,0,0,0,1,2e-05
0.0052,3.43644e-09,0.0001,0.999931,0.0,1991.9,2233390.0,0.0100721,0.00326564,9.79333e-05,0.0105888,5.2,3.43644e-06,0.1,350,25,4.672140313193586,1,-2444.926828593786,0,80.22170391791641,8107.614546934494,0,0,0,1,2e-05
0.0052,3.43942e-09,0.0001,0.999931,0.0,1991.9,2233390.0,0.0100721,0.00326564,9.793344999999999e-05,0.0105888,5.2,3.43942e-06,0.1,350,25,4.672140533757019,1,-2444.9269869014342,0,80.22169641212668,8107.614261422577,0,0,0,1,2e-05
0.0052,2.50032e-05,-7.5e-05,0.999934,0.0,1673.8499999999997,1955180.0,0.00050847,0.00046841,-0.00019728399999999996,0.000718938,5.2,0.0250032,-0.075,350,25,1.4115000636778814,1,-1230.425088595214,0,22.7794482594358,2720.3018086925845,0,0,0,0,2e-05
0.00520015,9.9851e-05,-9.73e-05,0.999909,0.0,1659.1500000000003,1919990.0,0.00113229,0.0007547165000000001,-0.000200529,0.00137546,5.20015,0.09985100000000001,-0.0973,350,25,2.070930239081835,1,-232.80354106676134,0,9.922481048344258,514.8348972108981,0,0,0,0,2e-05
0.00520053,1.58816e-05,0.0003943,0.840377,0.0,2527.23,5433450.0,-0.12102899999999998,-0.00452759,0.0824428,0.14651,5.20053,0.0158816,0.3943,350,25,1.6110764597163725,1,-368082.6273260415,0,1434.7422048203696,1765407.8517984906,1,0,0,1,2e-05
0.00520141,0.00040818,0.000319041,0.820684,0.0,1891.84,1747940.0,0.0684473,0.030908499999999995,-0.0287896,0.0804313,5.20141,0.40818,0.319041,350,25,3.3030744571091417,1,-62593.46668344556,0,401.9539001121593,205970.40227457898,1,0,0,0,2e-05
0.00520428,0.000468494,0.000131506,0.9954300000000001,0.0,1610.07,1835410.0,0.00711599,0.000485722,-0.00275397,0.007645759999999999,5.204280000000001,0.468494,0.131506,350,25,1.9749606917437637,1,-17342.456525655507,0,386.04904344876553,109201.84502516442,0,0,0,0,2e-05
0.00520777,0.000193857,-8.12e-05,0.999886,0.0,1614.2899999999997,1665440.0,0.00125757,0.0008068170000000001,-0.000195102,0.00150682,5.20777,0.193857,-0.0812,350,25,2.3287326916828524,1,-254.05832464048828,0,21.367999606776607,736.4123528785792,0,0,0,0,2e-05
0.00520843,5e-05,0.00045,0.521132,0.0,2611.96,7861080.0,-0.281696,-0.0291238,0.23086,0.365373,5.20843,0.05,0.45,350,25,2.0263180168429575,1,-2823935.938194083,0,3791.2493954954084,12834657.865810316,1,0,0,0,2e-05
0.00521735,5e-05,0.00045,0.521132,0.0,2611.96,7861080.0,-0.281696,-0.0291238,0.23086,0.365373,5.21735,0.05,0.45,350,25,1.9947602201981083,1,-2719887.76792152,0,3769.4296995487134,12544075.665762993,1,0,0,0,2e-05
0.00522076,0.000356205,4.37946e-05,0.9997510000000001,0.0,1593.4,1297640.0,0.00362699,-6.09e-05,-0.00141672,0.00389433,5.220759999999999,0.356205,0.0437946,350,25,10.662578225178384,1,6419.101740684637,1,399.6493546140314,67021.59984033662,0,0,0,0,2e-05
0.00525,5e-05,0.00045,0.521132,0.0,2611.96,7861080.0,-0.281696,-0.0291238,0.23086,0.365373,5.25,0.05,0.45,350,25,1.6210680942486355,1,-2225761.7326085735,0,3397.068576086678,10221560.920534931,1,0,0,0,2e-05
0.00525,0.00025,-5e-05,0.9998284,0.0,1546.62,1199940.0,0.000379521,0.000286306,-9.32e-05,0.00048445500000000006,5.25,0.25,-0.05,350,25,7.4421424497757895,1,-1112.805881259702,0,139.8255699002789,12001.206761488293,0,0,0,0,2e-05
0.00527509,0.00035,0.00035,0.542464,0.0,2047.47,2213610.0,0.0687755,0.0717277,0.011602300000000001,0.10004799999999998,5.27509,0.35,0.35,350,25,5.5495891525507774,1,-853675.9752861279,0,1042.0023089355902,2250236.3564858064,1,0,0,0,2e-05
0.00527808,0.000444295,5.56851e-05,0.999919,0.0,1770.53,1755230.0,0.0288447,-0.00211929,-0.00853776,0.030156300000000004,5.27808,0.444295,0.0556851,350,25,2.282507084616255,1,-4254.2557892521345,0,187.68967818197373,26122.219226530702,0,0,0,0,2e-05
0.0052945,0.000480518,0.000267951,0.7906210000000001,0.0,1882.5999999999997,2178730.0,0.0790468,0.0113993,-0.0117354,0.0807221,5.294499999999999,0.480518,0.267951,350,25,1.7531653585028522,1,-54464.00711182748,0,345.58619305422195,168642.92263850995,1,0,0,0,2e-05
0.00529569,0.000291548,0.00037543,0.748217,0.0,2236.41,3592360.0,0.0504915,0.0495762,0.00707474,0.0711143,5.29569,0.291548,0.37543,350,25,6.08329699576922,1,-401338.4689716364,0,858.0064267040085,1170764.4520759634,1,0,0,0,2e-05
0.00529675,0.000103252,-0.000111891,0.999906,0.0,1730.23,2051780.0,-0.000606605,0.0005692,0.00109936,0.00137861,5.29675,0.103252,-0.111891,350,25,2.3144469254911435,1,-266.0051907671747,0,21.38146280943726,760.5938574700237,0,0,0,0,2e-05
0.00529744,1.94322e-05,0.000390519,0.840377,0.0,2765.9499999999994,6391010.0,-0.10738200000000002,0.00845724,-0.0163693,0.108951,5.29744,0.0194322,0.390519,350,25,1.5313652114700633,1,-197945.73605549498,0,1393.3301284110846,1366575.8954800148,1,0,0,1,2e-05
0.00529744,1.94323e-05,0.000390519,0.840377,0.0,2765.95,6391010.0,-0.107382,0.00845724,-0.0163693,0.108951,5.29744,0.0194323,0.390519,350,25,1.5313666143226194,1,-197945.8080039667,0,1393.33077355141,1366576.9382706187,1,0,0,1,2e-05
0.00529892,0.000322716,-2.49e-05,0.9997700000000002,0.0,1740.09,1829930.0,0.0089623,-0.00162705,0.00047271000000000005,0.00912105,5.298920000000001,0.322716,-0.0249,350,25,9.252109886612496,1,-13272.235884088606,0,192.00929829072524,44978.257083225566,0,0,0,0,2e-05
0.00529992,0.000199888,0.000399236,0.92209,0.0,2506.29,5172280.0,0.0320866,0.0408926,0.017232,0.054760300000000005,5.299919999999999,0.199888,0.39923600000000004,350,25,5.661429946531057,1,-1000465.1918489162,0,879.1312879683663,2387366.294440292,1,0,0,0,2e-05
0.00529995,0.000507934,0.000200677,0.918136,0.0,1773.84,1745930.0,0.0428268,0.00348932,-0.00892384,0.0438856,5.29995,0.507934,0.200677,350,25,2.061805575934323,1,-38973.92215635566,0,296.628530547456,121942.08688008285,1,0,0,0,2e-05
0.0053,8.10636e-10,0.0003,0.999984,0.0,2684.64,5133800.0,0.00354894,0.0207236,-0.0843941,0.0869737,5.3,8.10636e-07,0.3,350,25,3.5299483571868415,1,-249357.03711111355,0,2414.8848865917325,3414548.58196681,0,0,0,1,2e-05
0.0053,8.13617e-10,0.0003,0.999984,0.0,2684.64,5133800.0,0.00354894,0.0207236,-0.0843941,0.0869737,5.3,8.13617e-07,0.3,350,25,3.5299485626488596,1,-249357.01865464402,0,2414.8848455609004,3414548.445969135,0,0,0,1,2e-05
0.0053,1.97299e-09,7.05625e-16,0.999961,0.0,1942.42,2283390.0,-0.00215011,0.00036906399999999995,0.005293139999999999,0.00572508,5.3,1.9729899999999997e-06,7.05625e-13,350,25,4.072972523706421,1,-1042.802758087826,0,162.1755811285609,15236.065073368873,0,0,0,1,2e-05
0.0053,2.04452e-09,0.0002,0.999959,0.0,2382.32,3926910.0,0.021067700000000005,0.00891608,-0.0115383,0.0256218,5.3,2.0445199999999998e-06,0.2,350,25,19.485461762893205,1,-391831.42405830976,0,4712.537648084509,11887668.390423559,0,0,0,1,2e-05
0.0053,2.0475e-09,0.0002,0.999959,0.0,2382.32,3926910.0,0.021067700000000005,0.00891608,-0.0115383,0.0256218,5.3,2.0475e-06,0.2,350,25,19.485465335051494,1,-391831.29825333226,0,4712.53790391404,11887669.34441993,0,0,0,1,2e-05
0.0053,2.21739e-09,0.0001,0.999956,0.0,2137.69,2836570.0,0.00690077,0.00192948,0.00701224,0.0100257,5.3,2.21739e-06,0.1,350,25,21.64704684201672,1,19287.669770336128,1,1611.1764729559504,1259369.4739627158,0,0,0,1,2e-05
0.0053,2.22037e-09,0.0001,0.999956,0.0,2137.69,2836570.0,0.00690077,0.00192948,0.00701224,0.0100257,5.3,2.22037e-06,0.1,350,25,21.647050981928572,1,19287.664775290992,1,1611.1762082105347,1259369.0574012562,0,0,0,1,2e-05
0.00530003,0.000199973,-9.88e-05,0.999895,0.0,1672.2300000000002,2026760.0,0.00102834,0.000754442,0.000786531,0.00149843,5.30003,0.19997299999999998,-0.0988,350,25,4.20972004061862,1,122.03402289529441,1,37.42282734776658,456.16595755978415,0,0,0,0,2e-05
0.00530129,0.000272658,-7.27e-05,0.999853,0.0,1594.63,1490770.0,0.000933008,0.000313228,0.000139262,0.000993987,5.30129,0.272658,-0.0727,350,25,4.617992588333032,1,-255.52995978409035,0,87.62204542039863,4349.871341395381,0,0,0,0,2e-05
0.00530133,0.000403915,0.000308973,0.82474,0.0,1967.22,2194690.0,0.0758393,0.027988699999999995,-0.0179256,0.0828027,5.30133,0.403915,0.308973,350,25,3.1002937692848973,1,-68850.51265154404,0,537.2790703117856,282035.42500063643,1,0,0,0,2e-05
0.00530229,0.000102156,0.000414244,0.901461,0.0,2732.25,6259740.0,-0.0552996,0.0223882,0.00203965,0.05969460000000001,5.30229,0.102156,0.41424399999999995,350,25,2.160900586376961,1,-231963.48224314942,0,1370.219167689144,1402677.248237664,1,0,0,0,2e-05
0.00530476,0.000390386,1.91279e-05,0.999834,0.0,1641.78,1340140.0,0.00599646,-0.000849018,-0.00180168,0.00631858,5.304760000000001,0.390386,0.0191279,350,25,7.073393783924859,1,-1328.0765804510465,0,192.9454727844307,21270.13089490584,0,0,0,0,2e-05
0.0053048,1.59726e-05,-9.36e-05,0.9999319999999999,0.0,1753.6,2100420.0,-0.00140386,0.000255972,0.0009041890000000001,0.00168935,5.3048,0.0159726,-0.0936,350,25,1.9444872272833824,1,-869.3087831242675,0,13.806287247170845,1833.9243500242312,0,0,0,1,2e-05
0.00530543,0.000487311,0.000109117,0.988638,0.0,1661.83,1553040.0,0.0133358,-0.000263345,-0.00476692,0.0141646,5.305429999999999,0.487311,0.109117,350,25,2.194734015337561,1,-27830.345388127324,0,360.64225700905496,120692.10954654728,1,0,0,0,2e-05
0.00531808,0.000336176,0.00035,0.89208,0.0,2146.17,3016840.0,0.0593247,0.0320266,-0.00261667,0.0674683,5.31808,0.336176,0.35,350,25,7.1571168813085935,1,-80684.22196817896,0,283.9794431010065,201690.6059883368,1,0,0,0,2e-05
0.00535,5e-05,-0.00015,0.9999407499999999,0.0,1556.64875,1028027.5,0.00016536025,0.0,-0.00016536025,0.00023385449999999998,5.35,0.05,-0.15,350,25,1.9518383184318162,1,-488.50504507174946,0,62.346233351704505,2920.5364967160945,0,0,0,0,2e-05
0.00535,0.00045,5e-05,0.997691,0.0,1538.22,788275.0,0.000977398,-3.05e-05,-0.00100791,0.00140432,5.35,0.45,0.05,350,25,3.2500515016256006,1,-30233.79721862635,0,524.6783852407376,198111.29840666664,0,0,0,0,2e-05
0.00536778,0.000347825,-4.78e-05,0.9998150000000001,0.0,1798.25,2050950.0,0.007431419999999999,-0.00523457,0.00116943,0.00916484,5.36778,0.347825,-0.0478,350,25,5.245218048348779,1,-19792.96907046799,0,120.17113160375948,46806.48857640002,0,0,0,0,2e-05
0.00536931,0.000136733,-0.000146245,0.9999309999999999,0.0,1793.4599999999998,2246660.0,-0.00417442,9.9285e-05,0.00186232,0.00457207,5.3693100000000005,0.136733,-0.146245,350,25,1.958778168617217,1,-94.64342033445905,0,34.48719436520284,783.9701282605573,0,0,0,0,2e-05
0.00539315,0.000280984,0.000351048,0.647012,63364000.0,2686.5,7015160.0,0.0636864,0.0402308,-0.0156386,0.0769354,5.39315,0.280984,0.351048,350,25,11.636968294592856,1,-91116.89522058959,0,1553.5426564245715,1388981.1831065363,1,1,1,0,2e-05
0.00539499,0.000466235,0.000253125,0.680665,0.0,1950.2,2764960.0,0.10563300000000002,0.010853300000000001,0.006162419999999999,0.106367,5.39499,0.466235,0.253125,350,25,2.6040061264443124,1,-101347.67177322568,0,705.7680802542857,451749.6350993613,1,0,0,0,2e-05
0.00539744,0.000197525,0.000385321,0.7536650000000001,206716000.0,2982.6200000000003,7753120.0,0.046711499999999996,0.028998399999999997,0.00255237,0.0550399,5.39744,0.19752499999999998,0.38532099999999997,350,25,3.3306125149203853,1,-115472.04685571263,0,470.7349781554623,341739.803540937,1,1,1,0,2e-05
0.00539745,0.000202546,-0.000110689,0.999922,0.0,1722.9,2157080.0,-0.00097915,-9.66e-05,0.0014442800000000003,0.00174757,5.39745,0.202546,-0.110689,350,25,5.27709086357979,1,-10.57649925885626,0,18.52130432641429,192.67235549353884,0,0,0,0,2e-05
0.00539753,0.000402474,-6.18e-06,0.999873,0.0,1686.89,1442820.0,0.0080282,-0.00306231,-0.0031006399999999996,0.00913475,5.397530000000001,0.402474,-0.00618,350,25,5.019529829922245,1,-4269.882067468003,0,185.13276052614407,25676.833644951308,0,0,0,0,2e-05
0.00539872,0.000507253,9.70011e-05,0.973522,0.0,1698.36,1571940.0,0.0179655,-0.005216389999999999,-0.005778389999999999,0.0195796,5.39872,0.5072530000000001,0.09700109999999999,350,25,2.4686488404970053,1,-19752.689830323943,0,481.4457104612498,155400.3657214167,1,0,0,0,2e-05
0.00539986,0.000508547,0.000204497,0.8611809999999999,0.0,1822.8100000000002,2064160.0,0.0549754,-0.00235577,-0.00308571,0.0551123,5.39986,0.5085470000000001,0.20449699999999998,350,25,2.6335187456926534,1,-47059.76332365822,0,439.0925759875612,190520.67179101254,1,0,0,0,2e-05
0.0054,1.16828e-09,0.0002,0.999977,0.0,2645.29,5696160.0,0.029497399999999997,0.00315872,0.0192341,0.0353557,5.4,1.16828e-06,0.2,350,25,14.92700456369706,1,-301930.8973499681,0,1583.014063302562,1856828.55700678,0,0,0,1,2e-05
0.0054,1.17126e-09,0.0002,0.999977,0.0,2645.29,5696160.0,0.029497399999999997,0.00315872,0.0192341,0.0353557,5.4,1.1712599999999999e-06,0.2,350,25,14.9270070877564,1,-301931.02917371585,0,1583.0143092013102,1856829.2099154827,0,0,0,1,2e-05
0.0054,1.21e-09,-4.18e-15,0.9999759999999999,0.0,2046.12,2733310.0,-0.00969045,-0.00094676,0.00887105,0.0131718,5.4,1.21e-06,-4.18e-12,350,25,6.242011500358761,1,-2911.1521409674824,0,284.43042441448716,46272.63744823761,0,0,0,1,2e-05
0.0054,1.4991e-09,0.0001,0.99997,0.0,2300.04,3663400.0,0.00306828,-0.00105599,0.018229,0.0185155,5.4,1.4991e-06,0.1,350,25,39.20514765023048,1,50618.097377178376,1,1998.510745083386,1895786.4043525185,0,0,0,1,2e-05
0.0054,1.50208e-09,0.0001,0.99997,0.0,2300.04,3663400.0,0.00306828,-0.00105599,0.018229,0.0185155,5.4,1.50208e-06,0.1,350,25,39.20515856396887,1,50617.9856144801,1,1998.5103703582245,1895785.8789857235,0,0,0,1,2e-05
0.0054,1.32576e-07,0.0003,0.997355,411414000.0,3183.54,8387390.0,0.0543655,0.00428243,-0.004237184,0.05469820000000001,5.4,0.000132576,0.3,350,25,2.025566444183835,1,-148367.36577029972,0,355.444419887395,359905.0993551428,0,1,0,1,2e-05
0.0054,1.32579e-07,0.0003,0.997355,411414000.0,3183.54,8387390.0,0.0543655,0.00428243,-0.00423719,0.0546982,5.4,0.00013257900000000002,0.3,350,25,2.02556650153821,1,-148367.36279789667,0,355.44442752681675,359905.0961257266,0,1,0,1,2e-05
0.0054,0.000399988,0.000299971,0.838699,0.0,2045.1500000000003,2911860.0,0.0999794,0.0209902,-0.0128027,0.102958,5.4,0.399988,0.299971,350,25,4.461154281049437,1,-98156.2638236421,0,894.3363243411994,596231.2581653477,1,0,0,0,2e-05
0.00540007,1.8247e-06,-9.99e-05,0.9999509999999999,0.0,1819.82,2336080.0,-0.00526335,0.000195545,0.001734,0.00554508,5.4000699999999995,0.0018247,-0.0999,350,25,1.5157968528839747,1,-2420.6868628592338,0,43.65660974945392,5794.3235131265255,0,0,0,1,2e-05
0.00540012,2.37465e-05,0.000383472,0.994725,822827000.0,3512.84,9707120.0,0.0638655,0.00203061,-0.0244699,0.068423,5.400119999999999,0.0237465,0.383472,350,25,1.7613379565640737,1,-355432.510228646,0,755.4067544045954,996184.7027573343,0,1,0,0,2e-05
0.00540017,0.000100339,0.000402006,0.9275220000000001,586448000.0,3395.7899999999995,9099100.0,0.046801,0.00989833,-0.00186326,0.04787260000000001,5.40017,0.100339,0.402006,350,25,2.725488616833039,1,-382716.62923921447,0,318.9882757726524,816310.0185186338,1,1,1,0,2e-05
0.00540218,2.87143e-05,-0.000171286,0.999961,0.0,1607.3,1103850.0,0.000430696,0.000194721,-0.000144369,0.000494224,5.40218,0.0287143,-0.17128600000000002,350,25,1.543318660898419,1,-666.5420839336471,0,72.24300938149226,3942.610370114483,0,0,0,0,2e-05
0.00540483,0.000313201,0.000338475,0.881247,21121300.0,2393.15,4835290.0,0.0733676,0.0290961,-0.0115266,0.0797637,5.4048300000000005,0.313201,0.33847499999999997,350,25,11.728120606243237,1,-108648.17468467524,0,743.7269215498465,493861.2162883562,1,1,1,0,2e-05
0.00540484,0.000292817,-8.31e-05,0.9998949999999999,0.0,1634.0,1560680.0,0.000808119,-0.0001,0.000202594,0.0008391020000000001,5.40484,0.292817,-0.08310000000000001,350,25,6.635577655881971,1,-57.33076600017381,0,40.162380159115514,921.1699220230053,0,0,0,0,2e-05
0.005407,9.16242e-05,-0.000179797,0.999948,0.0,1590.15,1075675.7142857143,0.000314846,0.000194721,-7.43e-05,0.000377581,5.407,0.0916242,-0.179797,350,25,1.6130563872155705,1,-621.4640208619289,0,57.66915502762917,2905.793762524221,0,0,0,0,2e-05
0.00540701,0.000465536,3.44637e-05,0.997802,0.0,1566.46,715060.0,0.00314207,-0.0007362329999999999,-0.00192351,0.00375693,5.4070100000000005,0.465536,0.0344637,350,25,2.628955608444069,1,-22759.06314006703,0,399.1579157865216,125181.647147654,0,0,0,0,2e-05
0.00545,0.00015,-0.00015,0.9999649999999999,0.0,1540.47,1094040.0,9.94975e-05,9.73603e-05,-2.14e-06,0.000139224,5.45,0.15,-0.15,350,25,1.8259629931669017,1,-503.7714018813572,0,80.48055837371822,4246.102941835448,0,0,0,0,2e-05
0.00545,0.00035,-5e-05,0.9999290000000001,0.0,1537.02,482223.0,0.000244525,-1.8500000000000003e-06,-0.00024637,0.000347123,5.45,0.35,-0.05,350,25,7.882237130064366,1,-579.6394798096771,0,146.12083948568863,11834.928825620547,0,0,0,0,2e-05
0.00547394,0.00026663,0.00035,0.53822,126728000.0,2909.77,8492140.0,0.0774159,0.0530157,-0.014812399999999998,0.094991,5.47394,0.26663000000000003,0.35,350,25,6.792840554642237,1,-372943.8705429494,0,1755.6080307860202,2286967.5199660826,1,1,1,0,2e-05
0.00548799,3.6377e-05,0.000371394,0.791588,2762630000.0,4557.77,15327100.0,0.0801231,-0.022054100000000004,0.08791540000000002,0.12097600000000001,5.48799,0.036377,0.371394,350,25,1.5995095431572492,1,-731022.8329909234,0,451.5035507310606,1563973.3941432245,1,1,1,0,2e-05
0.00549065,0.000191908,0.000358122,0.593198,825810000.0,3627.11,11230500.0,0.0464319,0.0162993,-0.00724414,0.04974,5.49065,0.191908,0.358122,350,25,3.6578000316741037,1,-58528.865240193685,0,371.9758651013587,186240.75258933948,1,1,1,0,2e-05
0.00549487,9.67734e-05,0.000383688,0.706137,1968990000.0,4271.77,13963400.0,0.05553149999999999,-0.0120565,0.0422277,0.0707975,5.49487,0.09677340000000001,0.383688,350,25,1.7141233294752178,1,-170424.7308863795,0,235.54433577905706,368590.02883155755,1,1,1,0,2e-05
0.00549491,0.000457667,0.00025,0.597986,0.0,1872.87,3807770.0,0.121834,0.015989,0.04863989999999999,0.132156,5.494910000000001,0.457667,0.25,350,25,3.44458556013544,1,-428527.832869863,0,1227.9174641518907,1610946.315124331,1,0,0,0,2e-05
0.00549751,0.000219155,-0.000124174,0.999945,0.0,1755.93,2059520.0,-0.00317593,-0.000573014,0.00134776,0.00349733,5.49751,0.21915500000000002,-0.124174,350,25,4.693817329259402,1,-74.60389029816571,0,9.101347808768653,190.6250465644204,0,0,0,0,2e-05
0.00549784,0.000420069,-2.44e-05,0.9998140000000001,0.0,1713.95,1593630.0,0.00874418,-0.005454320000000001,-0.0030040699999999997,0.0107347,5.49784,0.420069,-0.0244,350,25,4.1558714785060324,1,-2808.1990415280397,0,134.70272550426424,14688.810212194658,0,0,0,0,2e-05
0.00549876,0.000517882,9.24173e-05,0.956063,0.0,1709.4,1646350.0,0.0175805,-0.0160659,-8.43e-05,0.0238158,5.49876,0.517882,0.0924173,350,25,2.345043589002866,1,7958.309623909125,1,625.1230744396565,179472.8098506259,1,0,0,0,2e-05
0.00549934,0.000397139,0.000293076,0.785826,0.0,2070.86,4321780.0,0.111864,0.0295281,0.0183124,0.117136,5.49934,0.397139,0.293076,350,25,4.873109552307073,1,-672592.0440052928,0,1707.047561825144,2802189.77717717,1,0,0,0,2e-05
0.00549937,5.67058e-06,0.00029934,0.895793,1381320000.0,3932.5500000000006,13193900.0,0.0595251,-0.0108213,0.0663035,0.089758,5.49937,0.00567058,0.29934,350,25,1.9766180607621415,1,-227997.75962025404,0,647.6919860984257,665747.9736685697,1,1,1,1,2e-05
0.00549954,0.000508726,0.000208674,0.810391,0.0,1803.65,2465550.0,0.0583244,-0.0140364,0.0181113,0.06266392857142856,5.49954,0.508726,0.208674,350,25,2.5515067066733232,1,-59119.80274108105,0,539.0843016971352,263545.547650306,1,0,0,0,2e-05
0.0055,5.90093e-10,0.0002,0.999988,0.0,2990.6,8512970.0,0.0227281,-0.00122849,0.036614,0.04311210000000001,5.5,5.90093e-07,0.2,350,25,4.51834011357242,1,-6418.017585253998,0,709.4270723055562,264479.4206305244,0,0,0,1,2e-05
0.0055,8.01695e-10,-8.31e-15,0.999984,0.0,2139.57,3359340.0,-0.0174438,-0.00150738,0.00784684,0.0191867,5.5,8.01695e-07,-8.31e-12,350,25,4.1308353015324935,1,-3763.4579945895093,0,204.1369090990603,28362.85481743802,0,0,0,1,2e-05
0.0055,8.01695e-10,-8.27e-15,0.999984,0.0,2139.57,3359340.0,-0.0174438,-0.00150738,0.00784684,0.0191867,5.5,8.01695e-07,-8.270000000000001e-12,350,25,4.1308353015328345,1,-3763.457994590057,0,204.13690909899748,28362.85481742629,0,0,0,1,2e-05
0.0055,1.19808e-09,0.0001,0.999976,0.0,2480.8,4886730.0,-0.00494747,-0.00297005,0.0207382,0.021526,5.5,1.19808e-06,0.1,350,25,37.85768701864902,1,-5093.670894362498,0,3896.719322311669,7602398.080227283,0,0,0,1,2e-05
0.0055,1.20106e-09,0.0001,0.999976,0.0,2480.8,4886730.0,-0.00494747,-0.00297005,0.0207382,0.021526,5.5,1.20106e-06,0.1,350,25,37.857700081540045,1,-5093.619060956407,0,3896.716822079333,7602388.2338599395,0,0,0,1,2e-05
0.0055,1.35306e-09,-0.0001,0.9999730000000001,0.0,1863.86,2665840.0,-0.00914523,0.000304479,0.00139459,0.00925596,5.5,1.3530600000000002e-06,-0.1,350,25,1.9769648543133296,1,-2450.4969476257656,0,63.68467792424461,6928.862996408916,0,0,0,1,2e-05
0.0055,2.50024e-05,-0.000174998,0.9999759999999999,0.0,1625.91,1210610.0,8.655720000000002e-05,0.000276052,1.77361e-05,0.000289847,5.5,0.0250024,-0.174998,350,25,1.4751310991591613,1,-1423.3537844450343,0,95.63702576982718,7419.9279179393625,0,0,0,0,2e-05
0.0055,0.000474987,2.50126e-05,0.997767,0.0,1576.96,749127.0,0.0042958,-0.00154139,-0.00150786,0.0048066,5.5,0.474987,0.0250126,350,25,2.8845763048834447,1,-6266.003071322266,0,259.891601369723,46303.82837390403,0,0,0,0,2e-05
0.00550013,0.000299869,-9.74e-05,0.999915,0.0,1658.0999999999997,1392030.0,0.000392662,-0.0007177489999999998,-0.00012765,0.000828035,5.5001299999999995,0.29986900000000005,-0.0974,350,25,5.595502659022165,1,-52.519481139536765,0,55.27655581662689,1632.7877737534075,0,0,0,0,2e-05
0.00550019,9.9812e-05,-0.000196944,0.999971,0.0,1608.58,1165750.0,0.000324832,0.000276052,6.43358e-05,0.000431114,5.50019,0.099812,-0.196944,350,25,1.4797622017668783,1,-572.7853843930131,0,66.23538330353642,3339.1337694692215,0,0,0,0,2e-05
0.00550307,0.000303944,0.000320882,0.8971100000000001,25345600.0,2535.16,6127070.0,0.0827192,0.0366023,-0.00590352,0.09064796666666668,5.503069999999999,0.303944,0.320882,350,25,10.334272993310238,1,-170918.93351087792,0,1012.8593307851987,854779.8790010761,1,1,1,0,2e-05
0.00550326,0.000369765,-6.98e-05,0.999945,0.0,1551.8100000000002,526753.0,0.000719614,-0.00023674800000000003,-0.00046731199999999995,0.0008900980000000001,5.50326,0.36976499999999995,-0.0698,350,25,3.5450773784312712,1,-889.8922699134218,0,98.30586351713823,6611.805940751949,0,0,0,0,2e-05
0.00550406,0.000168705,-0.000168705,0.999983,0.0,1555.84,856259.0,0.000281553,0.000138026,5.5467700000000004e-05,0.000318434,5.50406,0.168705,-0.168705,350,25,2.4401922169574113,1,-163.50090640980784,0,57.31233511796451,1969.3536911565498,0,0,0,0,2e-05
0.00550728,0.00055,0.000158285,0.833188,0.0,1694.94,1596740.0,0.0052004,-0.0339254,0.00551698,0.0347623,5.50728,0.55,0.158285,350,25,1.8473620688047554,1,-74347.14179435064,0,710.6964869208363,401239.0318495105,1,0,0,0,2e-05
0.00550956,0.00055,0.00015,0.9171530000000001,0.0,1578.24,861358.0,0.0017334700000000002,-0.0113085,0.00183899,0.0115874,5.5095600000000005,0.55,0.15,350,25,1.7471134520548985,1,4852.167945763082,1,720.3885246272985,249775.47731582177,1,0,0,0,2e-05
0.00551185,0.000210214,0.000349977,0.825653,353919000.0,3158.14,9210550.0,0.0483694,0.0150639,0.00974975,0.051590500000000004,5.511850000000001,0.21021399999999998,0.34997700000000004,350,25,4.977472058951385,1,-69196.05427346354,0,542.4396138006432,285512.47585702257,1,1,1,0,2e-05
0.0055758,0.000176839,0.00035,0.506912,1650570000.0,4357.0,15117400.0,0.0332867,0.011796300000000001,-0.0394571,0.052953,5.5758,0.176839,0.35,350,25,2.516456099151106,1,-216325.13661655047,0,146.02571508264168,443312.0279657994,1,1,1,0,2e-05
0.00557684,0.00045,0.00025,0.560483,0.0,1769.09,4554490.0,0.12376,0.0288158,0.079103,0.149681,5.57684,0.45,0.25,350,25,3.2944102804413506,1,-1180014.3010164357,0,1229.4906020622411,3115852.172312557,1,0,0,0,2e-05
0.00557978,5e-05,0.00035,0.593724,3879610000.0,5094.84,17968100.0,0.0670158,-0.00829788,-0.065856,0.0943238,5.57978,0.05,0.35,350,25,1.8702149217622461,1,-106438.85123820351,0,709.611345693533,464651.83344490046,1,1,1,0,2e-05
0.0055849,9.5553e-05,0.00035,0.550318,2765090000.0,4725.92,16542700.0,0.0501513,0.00174921,-0.0526565,0.0727387,5.5849,0.095553,0.35,350,25,2.0381097715048844,1,-125707.9425458751,0,447.2446227124952,351429.7613643713,1,1,1,0,2e-05
0.0055972,0.000392685,0.000281947,0.793016,0.0,2168.42,5223780.0,0.111638,0.048115,0.007409700000000001,0.12179100000000001,5.5972,0.392685,0.281947,350,25,4.300884695137752,1,-442111.5240953523,0,1889.3926593957103,2669125.358879902,1,0,0,0,2e-05
0.00559828,0.00017192,-0.00017192,0.9999920000000001,0.0,1550.09,601728.0,0.000264614,7.81121e-05,0.00017761,0.00032812699999999994,5.59828,0.17192,-0.17192,350,25,1.9895793589177273,1,-271.58937049366966,0,53.1961182402363,1958.0922389019402,0,0,0,0,2e-05
0.00559869,1.57971e-05,0.000294332,0.864574,1293200000.0,4249.62,14572300.0,0.0522934,-0.00278609,-0.0219802,0.0567935,5.5986899999999995,0.0157971,0.29433200000000004,350,25,1.6821214465423822,1,45261.56416668419,1,535.5997968735311,52910.44287211548,1,1,1,1,2e-05
0.0055995,0.000521425,8.78201e-05,0.941388,0.0,1719.0600000000002,1564330.0,0.0137149,-0.013163100000000002,-0.00513812,0.0196918,5.5995,0.5214249999999999,0.0878201,350,25,2.1198211484526484,1,32329.660271592307,1,643.8569120995118,142616.54108597458,1,0,0,0,2e-05
0.00559969,0.000374391,-7.44e-05,0.999924,0.0,1546.4800000000002,567261.0,0.000705653,-0.000497044,-0.000252519,0.000899313,5.59969,0.37439100000000003,-0.07440000000000001,350,25,3.0725974153428806,1,-532.6517176253541,0,48.94290011510276,2263.0071710891707,0,0,0,0,2e-05
0.00559995,9.99539e-05,-0.000198483,0.9999860000000002,0.0,1606.24,1262310.0,0.000186174,0.000156224,7.4322e-05,0.000254147,5.599950000000001,0.09995390000000001,-0.198483,350,25,1.4496920860739078,1,-536.9932483424443,0,85.29729771056601,4711.800995047354,0,0,0,0,2e-05
0.00559999,0.000474959,2.50408e-05,0.997573,0.0,1573.3,549644.0,0.0033712900000000003,-0.00147931,-0.000588331,0.00372828,5.59999,0.474959,0.0250408,350,25,3.2251369831712466,1,317.56357655917236,1,200.305372978722,19425.99406895412,0,0,0,0,2e-05
0.0056,3.03986e-10,0.0002,0.999994,0.0,3366.03,10418300.0,0.0224019,-0.00106,0.00542062,0.0230728,5.6,3.03986e-07,0.2,350,25,3.956851428998491,1,48344.0340653494,1,615.9083109778192,92983.45563507617,0,0,0,1,2e-05
0.0056,3.06966e-10,0.0002,0.999994,0.0,3366.03,10418300.0,0.0224019,-0.00106,0.00542062,0.0230728,5.6,3.06966e-07,0.2,350,25,3.9568516788646275,1,48344.033266588456,1,615.9083219062449,92983.46396350635,0,0,0,1,2e-05
0.0056,6.40758e-10,-7.18e-15,0.999987,0.0,2202.4,4009220.0,-0.0223733,-0.000703007,0.000479373,0.0223894,5.6,6.40758e-07,-7.1800000000000005e-12,350,25,3.666621319479784,1,1148.851193587674,1,340.21207176774084,55574.42450107387,0,0,0,1,2e-05
0.0056,6.40758e-10,-7.14e-15,0.999987,0.0,2202.4,4009220.0,-0.0223733,-0.000703007,0.000479373,0.0223894,5.6,6.40758e-07,-7.14e-12,350,25,3.666621319480423,1,1148.8511935848946,1,340.2120717676816,55574.42450105927,0,0,0,1,2e-05
0.0056,6.43738e-10,-7.21e-15,0.999987,0.0,2202.4,4009220.0,-0.0223733,-0.000703007,0.000479373,0.0223894,5.6,6.43738e-07,-7.21e-12,350,25,3.666621436544539,1,1148.8510218432384,1,340.2120556565935,55574.41936335606,0,0,0,1,2e-05
0.0056,6.43738e-10,-7.18e-15,0.999987,0.0,2202.4,4009220.0,-0.0223733,-0.000703007,0.000479373,0.0223894,5.6,6.43738e-07,-7.1800000000000005e-12,350,25,3.666621436545017,1,1148.851021841172,1,340.212055656549,55574.41936334505,0,0,0,1,2e-05
0.0056,6.73542e-10,-0.0001,0.9999867499999999,0.0,1885.01,2977340.0,-0.0108522,0.000620511,-0.000990263,0.010915,5.6,6.735420000000001e-07,-0.1,350,25,1.8300366293994226,1,-1855.9729755944984,0,69.41312020264975,6121.036579322748,0,0,0,1,2e-05
0.0056,6.76522e-10,-0.0001,0.999987,0.0,1885.01,2977340.0,-0.0108522,0.000620511,-0.000990263,0.010915,5.6,6.76522e-07,-0.1,350,25,1.8300366724184907,1,-1855.9729776005224,0,69.41312047460599,6121.036602212127,0,0,0,1,2e-05
0.0056,8.94086e-10,0.0001,0.999982,0.0,2641.49,6334160.0,-0.0117421,-0.0022122,0.00670486,0.0137013,5.6,8.94086e-07,0.1,350,25,20.317613076199425,1,9604.429652168881,1,3101.8594834661885,4791557.268280228,0,0,0,1,2e-05
0.0056,2.50013e-05,-0.000174999,0.999987,0.0,1625.75,1321160.0,-0.00015688,0.000156224,-0.000206575,0.000302805,5.6,0.0250013,-0.17499900000000002,350,25,1.4179788426851376,1,-1784.2370701966888,0,101.7530067119296,8745.311327852372,0,0,0,0,2e-05
0.0056,0.000299998,-9.97e-05,0.999877,0.0,1658.71,1193360.0,0.000269406,-0.00107177,-7.1e-05,0.00110739,5.6,0.299998,-0.0997,350,25,4.415452438788485,1,-89.12415916456736,0,20.768361529865278,393.91073864672876,0,0,0,0,2e-05
0.00560031,0.000424394,-2.5e-05,0.999546,0.0,1719.8,1747400.0,0.006763889999999999,-0.005583500000000001,-0.00145171,0.00889006,5.6003099999999995,0.424394,-0.025,350,25,3.583040008891293,1,-5036.027951867987,0,95.65914139567997,14647.391570015321,0,0,0,0,2e-05
0.0056007,0.000504302,0.000207673,0.8222,0.0,1784.96,2534400.0,0.0413019,-0.0129309,0.00854095,0.0441136,5.6007,0.504302,0.207673,350,25,2.13898576383189,1,-21482.777005802956,0,594.7983560753767,219858.09620659117,1,0,0,0,2e-05
0.00560076,0.000301038,0.000306617,0.949557,72678600.0,2595.53,6598850.0,0.0869779,0.0414214,-0.0142956,0.0973923,5.60076,0.30103800000000003,0.30661700000000003,350,25,8.044899034361327,1,-250756.13491930673,0,1394.952277581929,1474458.1982041188,1,1,1,0,2e-05
0.00560135,0.000222026,-0.000124777,0.999937,0.0,1763.72,1938740.0,-0.0037928383333333334,-0.000342157,0.0009315869999999999,0.00392053,5.60135,0.222026,-0.12477699999999999,350,25,4.022783841711352,1,-173.2073375203089,0,8.508955754662896,382.6158390580232,0,0,0,0,2e-05
0.0056019,0.000558661,0.000160586,0.776107,0.0,1712.93,1868040.0,0.00268562,-0.0147414,-0.0392056,0.0419714,5.6019,0.558661,0.160586,350,25,1.722165700301199,1,44897.21838953372,1,867.2302808389625,286249.7432229455,1,0,0,0,2e-05
0.00560311,0.000202987,0.000323024,0.897315,388256000.0,3358.68,10413300.0,0.0453348,0.015481799999999999,-0.000717743,0.0479108,5.60311,0.202987,0.323024,350,25,5.7402831689187535,1,-226778.38505406427,0,486.37779965246676,571838.4521055161,1,1,1,0,2e-05
0.00560434,0.000560361,0.000144683,0.909534,0.0,1575.18,622682.0,0.000895207,-0.00491379,-0.013068500000000002,0.013990499999999998,5.6043400000000005,0.560361,0.144683,350,25,1.4562251065689464,1,53367.96825196792,1,701.8121131323433,139534.18456570662,1,0,0,0,2e-05
0.00560744,0.000102191,0.000337555,0.8501056666666668,921696000.0,3982.72,13417500.0,0.0411329,0.00314905,-0.0115368,0.04283610000000001,5.60744,0.102191,0.337555,350,25,2.2340282020280857,1,-31192.79509134234,0,224.4891632011696,87583.28238006536,1,1,1,0,2e-05
0.0056161,0.000449637,0.00025,0.911005,0.0,2059.72,3839100.0,0.0710589,0.0075809200000000005,0.00860049,0.0719778,5.616099999999999,0.449637,0.25,350,25,3.0606652446862164,1,2781.665277875203,1,552.141444494381,146866.75680842038,1,0,0,0,2e-05
0.00565,0.00015,-0.00015,0.999998,0.0,1517.69,310024.0,8.25581e-05,3.74466e-05,0.000120005,0.000150397,5.6499999999999995,0.15,-0.15,350,25,2.035626525000348,1,-922.889865831401,0,93.66405218642365,6232.257067653349,0,0,0,0,2e-05
0.00565,0.00035,-5e-05,0.999951,0.0,1518.14,292378.0,0.000230564,-0.000262141,-3.16e-05,0.000350535,5.6499999999999995,0.35,-0.05,350,25,6.876215687171545,1,-141.92842393006953,0,14.793816292509568,393.28534810839983,0,0,0,0,2e-05
0.00566081,4.92144e-05,-0.000150786,0.999996,0.0,1594.88,1409260.0,-5.330000000000001e-05,7.48932e-05,-0.000128157,0.000157703,5.66081,0.0492144,-0.150786,350,25,1.559661318620332,1,-2603.5988265207116,0,114.99893401618675,11819.575065471061,0,0,0,0,2e-05
0.00567528,9.67872e-05,-0.000172114,0.999996,0.0,1574.28,1014650.0,5.5926e-05,7.48932e-05,5.5926e-05,0.000108924,5.675280000000001,0.09678719999999999,-0.17211400000000002,350,25,1.5234036285049988,1,-1186.0371418936102,0,91.47168950093439,6555.609273864895,0,0,0,0,2e-05
0.00568336,0.00037725,0.000256475,0.864703,0.0,2402.3,5044800.0,0.109718,0.0633062,-0.0331622,0.130941,5.68336,0.37725,0.256475,350,25,5.1357179231112955,1,242439.07990096766,1,2153.2846280438293,1833439.184882991,1,0,0,0,2e-05
0.00569368,0.000558979,0.000148807,0.875267,0.0,1561.49,758101.0,0.00682682,0.0026979499999999997,-0.0176649,0.0191294,5.69368,0.558979,0.148807,350,25,1.9145856226308602,1,65801.65032737178,1,599.3191565615142,47988.425056058826,1,0,0,0,2e-05
0.00569407,0.000557963,0.000153465,0.6862239999999998,0.0,1724.68,2274300.0,0.0204805,0.00809385,-0.0529947,0.0573882,5.69407,0.557963,0.15346500000000002,350,25,1.8458419681750744,1,135624.40428335028,1,866.5104116594016,104171.33819037228,1,0,0,0,2e-05
0.00569539,0.00029517,-8.6e-05,0.999875,0.0,1630.09,953327.0,0.00020539,-0.000184257,0.000397389,0.000483791,5.69539,0.29517,-0.08600000000000001,350,25,4.436313737917025,1,-86.42166884528888,0,25.479810556897466,497.45371069826956,0,0,0,0,2e-05
0.00569586,2.52517e-05,0.000283894,0.949985,829199000.0,4056.1299999999997,12131900.0,0.0735754,-0.00904647,-0.0314904,0.0805408,5.69586,0.025251700000000002,0.283894,350,25,1.8553441061114095,1,32120.026035902934,1,672.1577879837298,161657.99390178442,1,1,1,0,2e-05
0.00569651,1.22526e-05,-9.65e-05,0.999995,0.0,1865.74,3221520.0,-0.00927631,0.0014223,-0.00329792,0.00994732,5.69651,0.0122526,-0.0965,350,25,1.803770557962313,1,-1859.0941506924885,0,69.95768600037705,6165.227216648653,0,0,0,1,2e-05
0.00569715,0.000297884,0.000289207,0.873191,137662000.0,2717.22,7575270.0,0.0781359,0.0441793,-0.00953987,0.0902665,5.69715,0.297884,0.289207,350,25,5.72955641315558,1,-199023.34939052683,0,1247.111652176316,1175690.435278024,1,1,1,0,2e-05
0.00569943,0.000498876,0.00019666,0.8235420000000001,0.0,1807.76,2468700.0,0.0237914,-0.005285210000000001,-0.019733,0.0313585,5.69943,0.498876,0.19666,350,25,1.8191293769102739,1,-14245.953907329938,0,517.6383284391992,162466.627349324,1,0,0,0,2e-05
0.00569997,1.28084e-06,0.000199967,0.974991,414600000.0,3547.64,10618800.0,0.0380262,-0.0038844,-0.0262735,0.0463829,5.69997,0.0012808399999999999,0.199967,350,25,2.3444856797129123,1,17446.514748741967,1,454.0970518022352,68209.03673025701,1,1,1,1,2e-05
0.00569998,0.000474895,2.51052e-05,0.9971989999999998,0.0,1550.96,607923.0,0.00153645,-0.00128632,-0.000342457,0.00203287,5.69998,0.474895,0.0251052,350,25,2.7520854351426185,1,-22286.353815899456,0,137.53496862625542,54030.64142931144,0,0,0,0,2e-05
0.0057,3.39749e-10,-1.86e-15,0.999993,0.0,2208.3,4557430.0,-0.0211982,0.0012881,-0.0101465,0.0235366,5.7,3.39749e-07,-1.8599999999999997e-12,350,25,2.943319074973692,1,299.76688977014055,1,277.51842836943496,37908.70526278031,0,0,0,1,2e-05
0.0057,3.87433e-10,0.0001,0.9999920000000001,0.0,2719.48,7298030.0,-0.0107366,0.000579522,-0.017505,0.0205435,5.7,3.87433e-07,0.1,350,25,8.557487070903042,1,4220.831747370772,1,1616.7388156919894,1298480.5355878267,0,0,0,1,2e-05
0.00570048,0.000200151,0.000301871,0.9017180000000001,277097000.0,3217.86,9966930.0,0.0472351,0.0197357,-0.013123500000000001,0.0528477,5.70048,0.200151,0.301871,350,25,4.2571454796839,1,-41059.380155681945,0,383.41293466810737,155621.49954676908,1,1,1,0,2e-05
0.00570169,0.000519996,8.97993e-05,0.908969,0.0,1718.91,1842270.0,0.0134322,-0.00392892,-0.010209,0.0173229,5.70169,0.519996,0.08979930000000001,350,25,1.698531289232556,1,19350.868209575805,1,326.59985817745485,14631.997261615197,1,0,0,0,2e-05
0.00570211,0.000100351,0.000307868,0.937993,588450000.0,3808.58,11612600.0,0.0528504,-0.00209554,-0.0300043,0.0608097,5.70211,0.100351,0.307868,350,25,2.6507312276838086,1,-25069.744699040457,0,432.21958975349594,143546.37628142108,1,1,1,0,2e-05
0.00570346,0.00020346,-0.0001122,0.999912,0.0,1736.31,1732140.0,-0.00283332,0.00112906,0.000484716,0.00308827,5.70346,0.20346,-0.11220000000000001,350,25,4.346383148815537,1,-98.26457641422718,0,39.09199225142735,960.6210819212822,0,0,0,0,2e-05
0.0057043,0.000404298,-1.33e-05,0.999048,0.0,1698.31,1572640.0,0.00357155,-0.004344,-0.000320394,0.00563285,5.7043,0.404298,-0.0133,350,25,4.748559159258914,1,-4717.148048182586,0,96.20326108307478,14061.829817874297,0,0,0,0,2e-05
0.00571038,0.000413947,0.000230193,0.95722,0.0,2075.69,3502900.0,0.0510073,0.00311969,-0.00191487,0.0511384,5.71038,0.413947,0.230193,350,25,3.7465957955145046,1,3658.046290667131,1,370.02112090537776,61141.72237670183,1,0,0,0,2e-05
0.00572454,0.000103191,-0.00012778,0.9999860000000002,0.0,1827.46,2681960.0,-0.0074463,0.00176233,-0.00159321,0.00781611,5.72454,0.10319099999999999,-0.12778,350,25,1.769155284140892,1,-1198.2316791362553,0,52.07187972086588,3752.203687104672,0,0,0,0,2e-05
0.00574768,0.000349979,-4.97e-05,0.999258,0.0,1841.5,2457910.0,0.00160065,-0.00550018,0.00152238,0.0059272,5.74768,0.349979,-0.0497,350,25,3.3291965044923364,1,-6425.43903160891,0,118.50102537734209,19872.124570958556,0,0,0,0,2e-05
0.00575,0.00025,-5e-05,0.999954,0.0,1564.68,667331.0,7.40133e-05,0.000296639,0.000370652,0.000480475,5.75,0.25,-0.05,350,25,7.20095577634659,1,-27.842032707727867,0,46.1847005118055,1122.1973460980396,0,0,0,0,2e-05
0.00575,0.000348132,0.00025,0.94559,58998100.0,2435.03,5759000.0,0.0553419,0.0169308,-0.00361697,0.0579867,5.75,0.348132,0.25,350,25,4.427982950529972,1,19366.699559588378,1,383.402845744085,34765.47194315458,1,1,1,0,2e-05
0.00575,0.00045,5e-05,0.996116,0.0,1503.29,316960.0,0.000296296,-0.000642679,-0.000346384,0.0007879149999999999,5.75,0.45,0.05,350,25,2.334515503456019,1,2999.8064784480157,1,298.27209225519755,38483.50755225051,0,0,0,0,2e-05
0.00577605,0.000284866,0.00025,0.775207,122273000.0,2854.8700000000003,9544550.0,0.054892699999999996,0.0443701,0.00532154,0.070783,5.77605,0.284866,0.25,350,25,4.046256556931762,1,-169309.62113836053,0,351.21689902463066,400295.8973569599,1,1,1,0,2e-05
0.00578299,0.00055,0.00015,0.616894,0.0,1719.51,2418500.0,0.0348841,-0.00441146,-0.013332500000000002,0.0376047,5.78299,0.55,0.15,350,25,1.5300608321289586,1,-8616.540833390165,0,338.5189661734806,74530.62689636137,1,0,0,0,2e-05
0.00578473,0.00055,0.00015,0.8669399999999999,0.0,1495.47,483699.0,0.00697682,-0.000882291,-0.00266649,0.00752095,5.78473,0.55,0.15,350,25,1.5420467303590037,1,-11569.007214590085,0,333.3564341396905,78701.27052034509,1,0,0,0,2e-05
0.0057886,0.000197794,0.000270825,0.813605,408837000.0,3198.69,10335000.0,0.044916099999999994,0.0244267,-0.0249805,0.0569047,5.7886,0.197794,0.270825,350,25,4.241759898246459,1,-85906.8420430067,0,346.41433511100894,231815.1298712146,1,1,1,0,2e-05
0.00578988,4.14991e-05,0.000262293,0.744227,975440000.0,3792.98,11770100.0,0.111464,-0.02156,-0.0608851,0.128826,5.78988,0.0414991,0.262293,350,25,2.001063030090369,1,-27953.63433366065,0,1247.6721211169556,834250.1295735629,1,1,1,0,2e-05
0.00579386,9.80912e-05,0.000280643,0.780153,882094000.0,3709.49,11555200.0,0.0859558,-0.0128789,-0.0590176,0.105059,5.79386,0.09809119999999999,0.28064300000000003,350,25,2.381234114617468,1,-40739.13281645803,0,877.7161124703885,466671.0526779819,1,1,1,0,2e-05
0.00579529,0.000494135,0.000178041,0.747137,0.0,1824.52,2807510.0,0.0249642,0.015577899999999999,-0.0197622,0.0354461,5.79529,0.49413500000000005,0.178041,350,25,1.2892911148710176,1,34329.01739653366,1,449.0587843180231,32168.861093523064,1,0,0,0,2e-05
0.00579542,0.000395408,1.37514e-05,0.998027,0.0,1641.86,1011240.0,0.00136179,-0.00176617,0.000214828,0.00224053,5.79542,0.395408,0.0137514,350,25,3.1750099149980895,1,-11817.428383447104,0,242.5888591425939,53059.53405694683,0,0,0,0,2e-05
0.00579542,0.000395408,1.37515e-05,0.998027,0.0,1641.86,1011240.0,0.00136179,-0.00176617,0.000214828,0.00224053,5.79542,0.395408,0.0137515,350,25,3.1750126789853526,1,-11817.475378594936,0,242.58910632890135,53059.68801191737,0,0,0,0,2e-05
0.00579545,0.00019545,-8.64e-05,0.99995,0.0,1660.64,1436690.0,-0.00141603,0.00139369,0.000111716,0.00198998,5.79545,0.19545,-0.0864,350,25,2.988763269076931,1,174.72771032915216,1,84.13127300100317,3189.580127726358,0,0,0,0,2e-05
0.00579646,0.000496043,0.000104052,0.887191,0.0,1686.7,1565460.0,0.0110376,0.00594175,-0.00886539,0.0153534,5.79646,0.49604300000000007,0.104052,350,25,1.5254527283495136,1,7699.411930573704,1,281.7779764056021,24300.59013247062,1,0,0,0,2e-05
0.00579867,2.48003e-05,-7.79e-05,1.0,0.0,1783.7,2560110.0,-0.0051242,0.00160083,-0.00413364,0.00677547,5.7986699999999995,0.0248003,-0.0779,350,25,1.9170965783414835,1,-2325.8629558558096,0,62.378061943028044,6597.237217595741,0,0,0,0,2e-05
0.00579936,7.12452e-06,0.000198956,0.872075,487720000.0,3336.11,10365200.0,0.0651808,-0.010387,-0.05321879999999999,0.08478599999999999,5.79936,0.00712452,0.198956,350,25,2.260392105719327,1,-29804.63759135912,0,810.7885277633466,388298.2935590457,1,1,1,1,2e-05
0.00579936,7.12453e-06,0.000198956,0.872075,487720000.0,3336.11,10365200.0,0.0651808,-0.010387,-0.05321879999999999,0.08478599999999999,5.79936,0.00712453,0.198956,350,25,2.2603923046716496,1,-29804.642761461204,0,810.7885682869512,388298.3367553245,1,1,1,1,2e-05
0.0058,7.15257e-11,-6.82e-17,0.999999,0.0,2107.81,4571870.0,-0.0124863,0.00190307,-0.0163634,0.020671,5.8,7.15257e-08,-6.82e-14,350,25,2.284254192606297,1,-495.9971668319813,0,345.6014111989119,60712.162045003635,0,0,0,1,2e-05
0.0058,1.98789e-09,0.0001,0.9999600000000001,0.0,2581.84,7217720.0,0.0020867,0.0006952819999999999,-0.035006,0.035075,5.8,1.9878899999999998e-06,0.1,350,25,3.1254281713696304,1,-13955.017593734388,0,534.1846139035794,170586.63605312686,0,0,0,1,2e-05
0.00580004,0.000100042,-0.000101455,0.999996,0.0,1745.5600000000002,2049420.0,-0.00405215,0.00189747,-0.00232576,0.00504276,5.80004,0.100042,-0.101455,350,25,2.290529984203621,1,318.43959361853445,1,65.12629865364063,1483.8382009245274,0,0,0,0,2e-05
0.005801,0.000401123,0.000203908,0.888105,0.0,1963.04,3266240.0,0.034285,0.0181108,-0.00474656,0.039064,5.801,0.40112299999999995,0.203908,350,25,1.9098890476544514,1,525.4902874348627,1,299.73774881734266,43870.37845817447,1,0,0,0,2e-05
0.00580453,0.000304541,-1.36e-05,0.999376,0.0,1772.26,2167310.0,0.0018852,-0.0016960600000000003,0.000895263,0.00268925,5.80453,0.304541,-0.013600000000000001,350,25,7.782064188129866,1,26.691047946445906,1,50.60340541484924,1226.9702238969053,0,0,0,0,2e-05
0.00581205,0.000307887,0.000230468,0.9402450000000001,24454500.0,2286.65,5286120.0,0.0456045,0.0178314,0.0009814866666666667,0.0489764,5.81205,0.307887,0.230468,350,25,3.9514298202264446,1,-70009.4640775653,0,114.1423369644205,146533.16469898025,1,1,1,0,2e-05
0.00583052,0.000205598,0.00025,0.937552,136279000.0,2655.88,7474470.0,0.0337141,0.0131348,-0.0197242,0.0412093,5.83052,0.205598,0.25,350,25,4.173855807166694,1,-60661.29264104489,0,308.35979365605823,168865.4664538932,1,1,1,0,2e-05
0.0058447,0.000445122,8.06497e-05,0.94208,0.0,1850.61,2644370.0,0.0185043,0.007289229999999999,-0.00215845,0.020005,5.8447000000000005,0.445122,0.0806497,350,25,1.7625768103304529,1,-3609.91264745596,0,174.05196245694918,22366.868112469547,1,0,0,0,2e-05
0.0058479,0.000114065,0.00025,0.9057559999999999,378040000.0,3134.94,9562570.0,0.047445233333333336,-0.00437115,-0.0441657,0.0649674,5.847899999999999,0.114065,0.25,350,25,2.124939778676377,1,-68276.46894544379,0,447.63368743422194,236740.89695386693,1,1,1,0,2e-05
0.00584993,0.00025,-5e-05,0.9997659999999999,0.0,1902.1600000000003,3292160.0,-0.00328373,0.000287203,-0.00145764,0.00360418,5.84993,0.25,-0.05,350,25,2.9576832042664756,1,-772.2557720593404,0,122.16608736125062,9006.78799469704,0,0,0,0,2e-05
0.00585,4.99999e-05,-5e-05,1.0,0.0,1635.17,892617.0,-0.0012957,0.000661775,-0.00195747,0.00243895,5.8500000000000005,0.0499999,-0.05,350,25,1.965673431050535,1,-4514.67925152665,0,68.914020428848,11403.92960888714,0,0,0,0,2e-05
0.00585,0.00015,-5e-05,1.0,0.0,1543.17,707040.0,-0.000363666,0.000330887,-3.28e-05,0.000492761,5.8500000000000005,0.15,-0.05,350,25,2.3707038944730603,1,-6982.446013135275,0,85.07569114586235,17583.82863824363,0,0,0,0,2e-05
0.00585,0.00035,5e-05,0.996533,0.0,1550.05,823706.0,0.000333077,4.22696e-05,0.000375347,0.0005036,5.8500000000000005,0.35,0.05,350,25,2.461471468738394,1,4160.5873855863065,1,291.5002215876726,34165.01482165849,0,0,0,0,2e-05
0.00585396,5e-05,0.00025,0.588484,292482000.0,3543.65,11902200.0,0.135188,-0.0283643,-0.0702124,0.154952,5.85396,0.05,0.25,350,25,1.663127265969192,1,-140728.05312122218,0,1351.0573196166229,1194134.046687271,1,1,1,0,2e-05
0.00585674,8.34687e-05,0.00025,0.588484,292482000.0,3543.65,11902200.0,0.135188,-0.0283643,-0.0702124,0.154952,5.85674,0.0834687,0.25,350,25,2.0497719941415355,1,-133809.34701977053,0,1576.2895718333875,1509963.101174883,1,1,1,0,2e-05
0.00586707,0.0004742,0.00015,0.701101,0.0,1857.49,3136730.0,0.0173415,0.0555106,-0.0404312,0.0708297,5.86707,0.47419999999999995,0.15,350,25,1.6489420068724432,1,55722.38283757174,1,733.2834220587863,157407.5228579785,1,0,0,0,2e-05
0.00586744,0.000474553,0.00015,0.918769,0.0,1583.35,627347.0,0.007042770000000001,0.0111021,-0.0116607,0.0175736,5.86744,0.474553,0.15,350,25,1.6489946951875978,1,4727.16811181161,1,305.3624314631451,37168.77105091878,1,0,0,0,2e-05
0.005875,0.0001,-7.5e-05,1.0,0.0,1607.43,823138.0,-0.00101151,0.000661775,-0.00101151,0.00157616,5.875,0.1,-0.075,350,25,1.5117617387402522,1,-2813.812535637025,0,76.25110627325694,8534.740675221812,0,0,0,0,2e-05
0.00588961,0.000394287,0.000174792,0.814507,0.0,1933.9000000000003,3297620.0,0.0324291,0.0379547,-0.00573432,0.0502503,5.88961,0.394287,0.174792,350,25,1.42243847868464,1,739.7605968887656,1,414.40365773892034,84385.6745799206,1,0,0,0,2e-05
0.00589312,0.000394661,0.00010548,0.933546,0.0,1739.45,2197480.0,0.0112538,0.0127079,-0.0014109800000000003,0.0170332,5.89312,0.394661,0.10548,350,25,1.3681328075671122,1,1488.2809797565042,1,253.3641357883331,29120.13069237144,1,0,0,0,2e-05
0.00589525,2.1989e-05,0.000191184,0.806205,97493900.0,2813.8299999999995,9408860.0,0.0713182,-0.0137422,-0.0350545,0.080647,5.89525,0.021988999999999998,0.191184,350,25,1.4721202002046192,1,-69200.7928893092,0,549.9464743775814,289622.1481187843,1,1,1,0,2e-05
0.00589544,0.000295436,1.36764e-05,0.998506,0.0,1656.31,1869840.0,0.00108129,-0.0008834130000000001,0.000232917,0.00141558,5.89544,0.295436,0.0136764,350,25,2.164532741666385,1,-3659.036311289453,0,148.11415065778672,18286.973435117678,0,0,0,0,2e-05
0.00589545,1.36369e-05,4.54554e-06,0.999992,0.0,1889.47,3119750.0,-0.00194659,-0.000395879,-0.00786576,0.00811271,5.89545,0.0136369,0.00454554,350,25,1.3632644121247064,1,-22860.396615215664,0,206.85072864837954,67114.4052016141,0,0,0,1,2e-05
0.00589711,0.000298835,0.000193595,0.870646,0.0,2038.5999999999997,4258370.0,0.0327081,0.0125992,0.011203,0.0367976,5.89711,0.298835,0.193595,350,25,2.4750364320466014,1,-77405.87820932266,0,72.27422027183432,157423.53787659615,1,0,0,0,2e-05
0.0058999,2.20932e-06,9.9902e-05,0.957524,0.0,2235.52,6308220.0,0.0190406,-0.00427321,-0.0146461,0.024399,5.8999,0.00220932,0.099902,350,25,1.5033546497295402,1,-78732.36541785102,0,210.25366292611906,179568.03222262708,1,0,0,1,2e-05
0.0058999,2.20933e-06,9.9902e-05,0.957524,0.0,2235.52,6308220.0,0.0190406,-0.00427321,-0.0146461,0.024399,5.8999,0.0022093300000000002,0.099902,350,25,1.5033547762759014,1,-78732.3655991041,0,210.25366970134039,179568.03400964837,1,0,0,1,2e-05
0.00590238,0.000200583,0.000205431,0.8724380000000002,0.0,2136.75,5387855.0,0.0273651,0.00010505866666666668,-0.00465195,0.0277579,5.90238,0.200583,0.205431,350,25,2.834981099116765,1,-87025.46952072693,0,369.1854588016135,242199.89053673277,1,0,0,0,2e-05
0.00590455,0.000204544,-1.36e-05,0.999823,0.0,1750.9600000000003,2293630.0,0.0003199238571428572,-0.00209157,-0.0007960117142857142,0.00226068,5.9045499999999995,0.204544,-0.013600000000000001,350,25,2.2450221385029066,1,-2161.9166593959026,0,107.53568503827732,10105.795097117596,0,0,0,0,2e-05
0.00590742,0.000102047,0.000216056,0.844868,58496300.0,2576.6,8092270.0,0.0545615,-0.011641,-0.0256835,0.0614175,5.90742,0.102047,0.216056,350,25,1.9804758737192167,1,-90343.42893593668,0,284.98754048683924,221295.80698824226,1,1,1,0,2e-05
0.005925,0.000100005,-2.5e-05,0.999943,0.0,1844.2699999999998,2807370.0,-0.00140159,-0.00136383,-0.00458646,0.00498599,5.925,0.100005,-0.025,350,25,1.6894489468547738,1,-2996.9438232035063,0,146.3713008133442,16706.16649730226,0,0,0,0,2e-05
0.00593965,0.000328652,9.744e-05,0.942856,0.0,1878.34,3584600.0,0.015253499999999998,0.00439004,0.00506747,0.016662,5.93965,0.328652,0.09744,350,25,1.4295230525113536,1,-11458.114542873269,0,159.7744836383788,35680.171896701824,1,0,0,0,2e-05
0.00595,0.00025,5e-05,0.935342,0.0,1524.72,1883360.0,-0.000782913,-0.00986096,-0.00224166,0.0101428,5.95,0.25,0.05,350,25,2.049048543384358,1,-8355.282505363411,0,273.08591150040047,53998.522540729115,1,0,0,0,2e-05
0.0059537,4.99107e-05,4.99107e-05,0.9856260000000001,0.0,1664.5,1624800.0,0.00212728,-0.00526079,0.00553362,0.00792604,5.9537,0.0499107,0.0499107,350,25,1.2954924287460416,1,-72158.29091629514,0,83.06654419952001,147766.60721521568,1,0,0,0,2e-05
0.00595984,0.000291398,0.00015,0.685871,0.0,1951.3499999999997,4775420.0,0.00902533,6.516459999999999e-06,0.0321027,0.0333473,5.95984,0.291398,0.15,350,25,1.4666939908842231,1,-77011.74111856925,0,206.437345916115,175331.67113158337,1,0,0,0,2e-05
0.00596444,5e-05,0.000159834,0.830284,0.0,2210.81,7680190.0,0.0474864,-0.0104975,0.013256,0.0504071,5.96444,0.05,0.159834,350,25,1.468504883811236,1,-157997.36180764163,0,112.18473819853212,322287.4313576199,1,0,0,0,2e-05
0.00597004,0.000194627,0.000161184,0.745799,0.0,2007.5600000000002,5272460.0,0.0205009,-0.00787316,0.0186504,0.028811600000000003,5.97004,0.194627,0.161184,350,25,1.4773756807269183,1,-107347.22372194348,0,226.80880830093562,240415.56520533224,1,0,0,0,2e-05
0.00597179,0.000282578,0.000106516,0.833721,0.0,1694.42,3968460.0,0.000552405,-0.0157762,0.00283388,0.0160383,5.97179,0.282578,0.106516,350,25,1.5132211093151149,1,-40423.68720609913,0,174.69783000701122,96107.04031677755,1,0,0,0,2e-05
0.00597497,0.000199995,2.50308e-05,0.957402,0.0,1589.24,1597240.0,-0.000116106,-0.013710099999999998,-1.79e-05,0.013710599999999998,5.97497,0.199995,0.025030800000000002,350,25,1.3876986313826674,1,-8171.145868333624,0,206.78728654519185,37722.78267502889,1,0,0,0,2e-05
0.00597593,9.95348e-05,2.49895e-05,0.978473,0.0,1641.14,1557590.0,0.00173045,-0.00995756,0.00509612,0.0113189,5.97593,0.0995348,0.024989499999999998,350,25,1.2021280748381498,1,-31983.960180433016,0,105.3507762092022,69517.31338480674,1,0,0,0,2e-05
0.00597674,9.68007e-05,0.00017292,0.818006,0.0,2137.29,6724850.0,0.0397314,-0.013125199999999998,0.00922703,0.04284849999999999,5.97674,0.0968007,0.17292,350,25,1.275243225720149,1,-121137.61288303151,0,119.81744433279837,249453.33574928466,1,0,0,0,2e-05
0.0059787,2.90613e-05,0.000100515,0.924263,0.0,1920.32,4726470.0,0.0186652,-0.0105136,0.011796800000000001,0.0244559,5.9787,0.029061299999999998,0.100515,350,25,1.320873701310643,1,-112096.79227190808,0,42.144809019268266,225081.67700745145,1,0,0,0,2e-05
0.00599666,0.000199838,9.9778e-05,0.858469,0.0,1799.55,3887140.0,0.00667881,-0.0209046,0.00619292,0.022802599999999996,5.99666,0.19983800000000002,0.099778,350,25,1.454782347745476,1,-32103.43811155814,0,171.00169375583843,78827.66585679905,1,0,0,0,2e-05
0.00600129,0.000100058,9.99967e-05,0.9106330000000001,0.0,1878.61,4318410.0,0.0155511,-0.0176518,0.00987051,0.0255117,6.00129,0.100058,0.09999670000000001,350,25,1.1330299936745376,1,-102475.62157061798,0,110.91583792162751,211102.40469216433,1,0,0,0,2e-05
